Nomor Rekening,recency,frequency,consistency,avg_interval,std_interval,avg_berat,trend_berat,days_active,churn
BSLH0001,0.0,54.0,0.5714,9.47,5.06,2.0833,0.0019,527.0,0
BSLH0002,2.0,58.0,0.7353,8.79,5.75,0.6666,0.0093,526.0,0
BSLH0003,33.0,35.0,0.125,14.0,24.41,1.0286,-0.0218,494.0,1
BSLH0004,0.0,59.0,0.875,8.57,5.89,1.0237,-0.019,527.0,0
BSLH0005,3.0,77.0,1.0,6.26,6.25,1.7065,-0.028,509.0,1
BSLH0006,7.0,60.0,0.6944,8.36,5.87,2.0267,0.008,520.0,0
BSLH0007,21.0,64.0,0.8571,7.56,4.69,0.8744,-0.0172,506.0,0
BSLH0008,0.0,95.0,1.0426,5.15,3.63,0.8442,0.0018,527.0,0
BSLH0009,2.0,62.0,1.1724,8.15,5.6,0.6355,-0.0123,525.0,0
BSLH0010,2.0,84.0,0.8085,5.89,2.97,2.17,0.0084,525.0,0
BSLH0011,2.0,75.0,0.9,6.62,3.67,1.4947,0.0244,525.0,0
BSLH0012,2.0,64.0,1.1667,7.92,4.43,0.6566,-0.0191,525.0,0
BSLH0013,2.0,74.0,1.2059,6.71,3.56,0.6662,0.0046,525.0,0
BSLH0014,2.0,62.0,1.0323,8.13,3.61,0.5963,-0.0041,525.0,0
BSLH0015,2.0,87.0,0.76,5.67,4.16,1.0901,-0.0068,525.0,0
BSLH0016,2.0,76.0,0.878,6.53,3.43,1.57,0.0051,525.0,0
BSLH0017,2.0,63.0,1.2069,8.05,4.56,0.4675,0.0019,525.0,0
BSLH0018,0.0,90.0,1.1667,5.44,2.78,1.9138,0.061,527.0,0
BSLH0019,2.0,88.0,0.78,5.64,4.68,0.7375,-0.0053,525.0,0
BSLH0020,21.0,44.0,0.5,11.23,7.01,1.3295,-0.0116,506.0,0
BSLH0021,14.0,39.0,0.6,13.11,10.68,3.4103,-0.0712,513.0,0
BSLH0022,0.0,66.0,0.8611,7.68,6.39,3.3929,-0.0083,527.0,0
BSLH0023,2.0,46.0,0.88,11.24,5.94,0.7548,-0.0002,525.0,0
BSLH0024,2.0,50.0,0.7586,10.33,7.95,2.0024,0.0213,525.0,0
BSLH0025,16.0,42.0,0.72,11.98,8.02,1.1952,0.0413,511.0,0
BSLH0026,2.0,43.0,1.4444,11.98,7.56,0.3281,-0.0002,525.0,0
BSLH0027,2.0,51.0,1.2609,10.08,5.4,0.3461,-0.0107,525.0,0
BSLH0028,73.0,19.0,1.5,5.28,7.9,21.7,2.2586,97.0,1
BSLH0029,2.0,73.0,1.0556,6.83,4.27,1.3096,0.0028,525.0,0
BSLH0030,7.0,50.0,0.6452,10.12,6.52,0.692,-0.004,520.0,0
BSLH0031,0.0,54.0,0.4474,9.49,9.29,1.3424,-0.0139,527.0,0
BSLH0032,26.0,43.0,0.5172,11.4,11.64,0.4326,0.0021,502.0,0
BSLH0034,14.0,43.0,0.6296,11.71,6.61,0.7791,-0.001,513.0,0
BSLH0035,33.0,45.0,0.4375,10.75,11.68,0.4129,-0.0012,494.0,0
BSLH0036,1.0,52.0,0.5143,9.9,6.51,0.7715,0.001,527.0,0
BSLH0037,2.0,62.0,0.4651,8.16,11.03,1.2177,-0.0133,526.0,0
BSLH0038,0.0,61.0,0.7222,8.3,7.53,0.9197,-0.0122,527.0,0
BSLH0039,10.0,59.0,0.6216,8.43,6.31,0.9034,-0.0044,518.0,0
BSLH0040,1.0,46.0,0.4688,11.24,6.67,2.037,-0.0852,527.0,0
BSLH0041,17.0,59.0,0.3636,8.34,9.3,1.1737,0.0016,510.0,0
BSLH0042,9.0,46.0,0.5161,10.98,7.33,0.5478,-0.0042,518.0,0
BSLH0043,101.0,38.0,0.4444,11.0,12.23,1.18,-0.0193,426.0,0
BSLH0044,8.0,45.0,0.6429,11.41,9.67,0.9924,-0.0116,519.0,0
BSLH0045,1.0,51.0,0.5294,10.1,6.59,0.7304,0.0003,526.0,0
BSLH0046,19.0,50.0,0.5938,9.84,8.47,0.412,-0.0052,508.0,1
BSLH0047,1.0,73.0,0.451,6.83,5.76,1.0397,-0.0035,526.0,0
BSLH0048,0.0,69.0,0.8421,7.24,4.43,0.9188,-0.0028,527.0,0
BSLH0049,0.0,36.0,0.48,14.54,8.67,0.9756,0.0147,527.0,0
BSLH0050,142.0,42.0,1.5294,9.0,8.84,0.5905,0.0305,386.0,0
BSLH0051,0.0,48.0,0.8148,10.7,5.95,0.9625,-0.0026,527.0,0
BSLH0052,2.0,40.0,1.7333,12.97,10.69,0.2125,-0.0079,525.0,0
BSLH0053,31.0,28.0,0.2609,17.93,24.31,0.9671,-0.0326,496.0,0
BSLH0054,1.0,38.0,0.2581,13.73,13.18,0.5579,-0.0198,527.0,0
BSLH0055,1.0,44.0,0.5,11.79,6.56,1.3909,-0.0256,526.0,0
BSLH0056,0.0,47.0,0.4545,11.02,12.99,1.1281,-0.0085,527.0,1
BSLH0057,0.0,88.0,0.9348,5.72,5.34,1.6023,0.0072,527.0,0
BSLH0058,226.0,25.0,0.1818,12.04,24.58,1.184,-0.1228,302.0,1
BSLH0059,7.0,47.0,0.8462,10.78,7.59,0.717,-0.0126,520.0,0
BSLH0060,9.0,45.0,0.84,11.36,8.27,3.5133,0.0561,518.0,0
BSLH0061,0.0,148.0,0.8171,3.27,3.96,3.1378,0.0254,527.0,0
BSLH0062,177.0,39.0,0.3793,8.74,8.37,1.7692,-0.0435,350.0,1
BSLH0063,0.0,53.0,0.5882,9.71,6.75,2.0453,-0.0544,527.0,0
BSLH0064,12.0,87.0,0.2941,5.51,6.78,0.9968,0.0007,515.0,0
BSLH0065,14.0,60.0,0.8485,8.34,7.41,1.7075,0.0344,513.0,0
BSLH0066,0.0,56.0,1.1923,9.13,5.19,0.3473,0.0012,527.0,0
BSLH0067,0.0,82.0,0.6939,6.1,5.85,2.4359,-0.0929,527.0,0
BSLH0068,0.0,135.0,0.619,3.6,4.85,2.2246,0.0139,527.0,0
BSLH0069,0.0,50.0,0.7586,10.24,5.59,1.096,-0.016,527.0,0
BSLH0070,0.0,43.0,0.6296,12.12,6.48,0.7228,-0.0063,527.0,0
BSLH0071,33.0,50.0,0.5938,9.59,8.75,0.436,-0.0005,494.0,0
BSLH0072,0.0,68.0,0.6829,7.39,5.1,1.1074,-0.0009,527.0,0
BSLH0073,0.0,61.0,0.8788,8.3,6.5,1.4721,0.0201,527.0,0
BSLH0074,0.0,66.0,0.8108,7.68,6.12,1.5136,0.0228,527.0,0
BSLH0075,0.0,96.0,1.3095,5.09,3.13,1.1982,0.016,527.0,0
BSLH0076,0.0,71.0,1.0571,7.01,5.24,0.6648,0.0058,527.0,0
BSLH0077,21.0,42.0,1.3889,11.78,10.8,0.5705,0.01,506.0,0
BSLH0078,17.0,70.0,0.9722,6.99,6.66,1.6226,-0.0266,510.0,0
BSLH0079,0.0,64.0,1.5,7.83,6.87,0.7234,0.0025,527.0,0
BSLH0080,0.0,122.0,0.382,3.93,4.33,1.0877,-0.0046,527.0,0
BSLH0081,194.0,18.0,0.5833,19.24,10.92,1.7344,-0.1896,333.0,1
BSLH0082,2.0,107.0,1.0769,4.53,4.48,1.3738,-0.0006,525.0,0
BSLH0083,0.0,65.0,0.65,7.67,4.77,1.1046,-0.0064,527.0,0
BSLH0084,0.0,41.0,0.6154,12.72,6.07,1.4512,-0.076,527.0,0
BSLH0085,0.0,39.0,0.6667,13.37,5.99,0.9692,-0.0224,527.0,0
BSLH0086,302.0,5.0,0.5,56.25,103.38,3.18,1.47,226.0,1
BSLH0087,8.0,56.0,0.6286,9.05,7.35,0.7357,0.0014,519.0,0
BSLH0088,0.0,72.0,0.9211,6.97,4.68,1.4389,0.0015,527.0,0
BSLH0089,0.0,49.0,0.5625,10.52,5.17,0.5306,-0.0014,527.0,0
BSLH0090,0.0,48.0,0.5312,10.74,5.74,0.5333,-0.0025,527.0,0
BSLH0091,0.0,35.0,0.2414,15.03,21.09,0.6543,-0.0317,526.0,1
BSLH0092,5.0,26.0,1.25,20.4,24.25,0.9038,-0.026,522.0,1
BSLH0093,0.0,55.0,0.8065,9.26,5.63,4.2236,0.0867,526.0,0
BSLH0094,0.0,65.0,0.65,7.7,6.81,1.7846,-0.0334,526.0,0
BSLH0095,31.0,17.0,1.25,29.69,32.42,5.8412,0.6299,481.0,1
BSLH0096,0.0,112.0,1.26,4.38,3.44,1.7812,0.0196,526.0,0
BSLH0097,0.0,54.0,0.4865,9.49,8.06,1.6426,0.0016,526.0,0
BSLH0098,2.0,68.0,0.5682,7.34,6.44,1.0665,-0.0173,525.0,0
BSLH0100,1.0,48.0,0.4412,10.72,6.85,1.0333,-0.0095,525.0,0
BSLH0101,2.0,49.0,0.9231,10.44,5.97,0.5592,0.0012,524.0,0
BSLH0102,0.0,77.0,1.2941,6.47,4.73,0.926,0.0031,526.0,0
BSLH0103,33.0,54.0,0.2791,8.81,16.89,0.913,-0.0136,493.0,1
BSLH0104,2.0,74.0,0.7857,6.67,5.67,1.4932,0.0207,524.0,0
BSLH0105,0.0,86.0,1.2308,5.73,4.56,0.7605,0.0051,526.0,0
BSLH0106,0.0,96.0,1.1556,5.09,4.19,0.851,0.0048,526.0,0
BSLH0107,0.0,77.0,1.0526,6.43,4.53,0.7052,0.0015,526.0,0
BSLH0108,8.0,95.0,0.92,5.05,4.32,0.8242,-0.0042,518.0,0
BSLH0109,2.0,56.0,0.6765,9.0,5.99,1.0964,-0.014,525.0,1
BSLH0110,0.0,51.0,0.6774,9.98,5.77,0.8373,-0.0152,526.0,0
BSLH0111,0.0,113.0,0.52,4.26,3.98,8.9726,0.0789,526.0,0
BSLH0112,54.0,64.0,0.5854,7.08,7.34,1.0891,-0.034,473.0,1
BSLH0113,191.0,16.0,0.3077,21.73,25.58,1.0062,-0.1184,335.0,0
BSLH0114,0.0,39.0,0.7391,13.42,5.94,1.4615,-0.0321,526.0,0
BSLH0115,191.0,28.0,0.381,11.96,13.05,0.6964,-0.0121,335.0,1
BSLH0116,0.0,50.0,0.5455,10.35,6.64,0.99,-0.0109,526.0,0
BSLH0117,0.0,58.0,1.36,8.84,9.39,2.0448,0.0253,526.0,0
BSLH0118,0.0,51.0,1.1667,10.14,9.55,1.6725,0.0527,526.0,0
BSLH0119,0.0,63.0,1.0,8.05,6.59,1.4127,0.0334,526.0,0
BSLH0120,120.0,50.0,0.5,7.8,9.59,0.468,-0.0023,406.0,1
BSLH0121,0.0,48.0,1.1304,10.79,10.33,1.6898,0.0446,526.0,0
BSLH0122,0.0,70.0,0.775,7.2,6.06,1.5029,0.0224,526.0,0
BSLH0123,2.0,69.0,0.7949,7.28,5.57,6.0884,0.0749,524.0,0
BSLH0124,7.0,57.0,0.4872,8.82,7.94,0.8077,-0.008,519.0,1
BSLH0125,45.0,53.0,0.5429,8.77,8.42,1.1566,-0.033,481.0,0
BSLH0126,1.0,48.0,0.4848,10.68,6.73,1.0708,0.0108,525.0,0
BSLH0127,1.0,49.0,0.4706,10.48,6.77,1.5408,-0.0202,525.0,0
BSLH0128,1.0,46.0,0.4688,11.18,6.45,1.1898,0.0064,525.0,0
BSLH0129,1.0,45.0,0.4839,11.48,6.42,1.4449,-0.016,525.0,0
BSLH0130,1.0,72.0,1.2121,6.97,4.09,0.375,0.0017,525.0,0
BSLH0131,1.0,42.0,0.3871,12.29,8.78,0.4524,0.0146,525.0,0
BSLH0132,18.0,32.0,0.5714,15.77,13.15,1.1719,-0.0214,508.0,1
BSLH0133,26.0,60.0,0.9677,8.12,6.4,1.6233,0.035,500.0,0
BSLH0134,3.0,93.0,0.9583,5.29,4.53,1.3914,0.0009,523.0,0
BSLH0135,18.0,43.0,0.4194,11.6,10.6,3.2837,0.0019,506.0,0
BSLH0136,0.0,97.0,0.4848,5.03,4.08,1.5897,-0.01,524.0,0
BSLH0137,2.0,59.0,0.7647,8.52,5.68,0.5593,0.0005,523.0,0
BSLH0138,2.0,64.0,1.0312,7.78,8.8,0.7769,-0.0062,523.0,0
BSLH0139,7.0,45.0,0.84,11.2,6.51,0.5578,-0.0169,518.0,0
BSLH0140,7.0,48.0,0.8148,10.51,6.47,0.4854,-0.0135,518.0,0
BSLH0141,7.0,52.0,0.7667,9.71,6.87,0.475,-0.0122,518.0,0
BSLH0142,7.0,55.0,1.4348,9.02,6.95,0.4564,-0.0058,517.0,0
BSLH0143,7.0,41.0,0.4,12.45,13.55,0.9927,-0.064,517.0,1
BSLH0145,7.0,44.0,0.3636,11.58,13.46,0.9636,-0.0552,517.0,1
BSLH0146,0.0,64.0,1.0312,7.86,4.23,0.4922,-0.0094,524.0,0
BSLH0147,0.0,64.0,1.2414,7.86,4.91,0.4531,-0.0089,524.0,0
BSLH0148,0.0,67.0,1.3448,7.52,4.57,0.6418,-0.0136,524.0,0
BSLH0149,7.0,73.0,0.9474,6.86,6.92,1.4466,-0.0155,518.0,0
BSLH0150,2.0,34.0,1.0588,15.36,11.84,0.6059,-0.0103,523.0,0
BSLH0151,0.0,45.0,0.7037,11.48,5.57,0.6978,0.0056,525.0,0
BSLH0152,0.0,52.0,0.6061,9.86,6.04,1.6385,-0.0369,524.0,0
BSLH0153,0.0,56.0,0.5833,9.16,7.06,2.1518,-0.0202,524.0,0
BSLH0154,10.0,30.0,1.2143,16.83,9.05,0.1933,-0.01,498.0,0
BSLH0155,197.0,4.0,1.5,61.67,106.81,1.025,-0.09,185.0,1
BSLH0156,7.0,44.0,0.5,11.51,10.73,0.5264,-0.006,515.0,1
BSLH0157,18.0,28.0,0.45,18.26,14.96,1.5979,-0.0739,504.0,0
BSLH0158,1.0,44.0,0.5,11.63,6.79,1.0432,0.03,521.0,0
BSLH0159,14.0,44.0,0.6071,11.35,7.59,0.8705,0.0032,507.0,0
BSLH0160,44.0,6.0,0.75,56.2,121.79,5.9667,0.6971,281.0,1
BSLH0161,1.0,49.0,0.4286,10.4,7.03,0.9551,-0.0102,521.0,0
BSLH0162,246.0,24.0,0.6667,11.61,10.19,3.15,-0.1186,276.0,1
BSLH0163,0.0,20.0,1.1,19.89,19.03,0.755,-0.0508,386.0,0
BSLH0164,0.0,61.0,1.2143,8.22,4.25,0.459,-0.009,521.0,0
BSLH0165,0.0,67.0,1.2667,7.45,3.46,0.5299,-0.0111,521.0,0
BSLH0166,12.0,63.0,0.7778,7.89,6.76,0.4213,-0.0065,515.0,0
BSLH0167,2.0,77.0,1.0,6.45,4.63,0.7831,0.0064,519.0,0
BSLH0168,54.0,24.0,0.7857,19.83,13.98,0.9583,-0.0002,468.0,1
BSLH0169,15.0,50.0,0.8214,9.86,8.24,0.708,-0.0151,506.0,1
BSLH0170,0.0,113.0,1.5333,4.29,5.25,2.2542,0.009,520.0,0
BSLH0171,2.0,75.0,0.9,6.55,4.23,1.0333,-0.0049,518.0,0
BSLH0172,8.0,47.0,1.1818,10.72,11.02,1.3021,0.0331,513.0,0
BSLH0173,57.0,48.0,0.2895,9.34,16.71,0.8604,0.0079,464.0,0
BSLH0174,2.0,77.0,0.7333,6.38,5.34,2.0519,-0.0147,519.0,1
BSLH0175,3.0,69.0,0.7949,7.03,3.84,1.2014,-0.0153,512.0,0
BSLH0176,54.0,23.0,0.6,20.5,12.94,0.8348,0.033,461.0,1
BSLH0177,17.0,56.0,0.5,8.56,9.32,1.2643,-0.004,498.0,0
BSLH0178,87.0,50.0,0.5455,8.2,7.34,0.976,-0.0009,428.0,1
BSLH0179,170.0,49.0,0.3889,6.69,6.42,1.0755,0.008,345.0,1
BSLH0180,14.0,44.0,0.6071,11.09,7.64,1.8068,0.0178,500.0,0
BSLH0181,2.0,94.0,0.7593,5.06,4.44,1.4947,0.0013,512.0,0
BSLH0182,2.0,68.0,0.6047,7.18,4.99,1.0485,-0.0116,512.0,0
BSLH0183,2.0,65.0,0.5349,7.58,5.39,1.24,-0.0242,512.0,0
BSLH0184,2.0,132.0,0.5833,3.52,4.09,1.3121,-0.0057,512.0,0
BSLH0185,248.0,35.0,0.5,7.29,4.9,1.0629,0.003,266.0,1
BSLH0186,2.0,136.0,0.6118,3.37,3.78,1.3147,-0.0024,512.0,0
BSLH0187,0.0,38.0,0.56,13.41,6.39,0.7342,-0.0163,515.0,0
BSLH0188,14.0,42.0,0.5357,11.71,7.91,1.3929,0.0005,496.0,0
BSLH0189,178.0,33.0,0.619,10.0,8.84,0.6121,-0.0103,333.0,1
BSLH0190,18.0,22.0,0.5333,22.86,14.28,1.5909,-0.0912,489.0,1
BSLH0191,17.0,80.0,0.3966,5.72,7.34,1.2875,-0.0036,490.0,0
BSLH0192,92.0,73.0,0.5102,5.38,5.66,2.8849,-0.0097,414.0,1
BSLH0193,0.0,59.0,0.7143,8.33,6.34,2.7339,0.0458,505.0,0
BSLH0194,18.0,22.0,0.4375,22.62,14.07,1.8136,-0.0728,486.0,1
BSLH0195,18.0,33.0,0.36,14.0,14.43,1.4515,-0.0214,464.0,1
BSLH0196,8.0,48.0,0.6333,9.62,5.46,2.7562,0.0449,476.0,1
BSLH0197,282.0,18.0,1.1111,11.18,7.11,1.2167,-0.0313,202.0,1
BSLH0198,282.0,17.0,1.0,12.0,7.07,1.1,-0.0186,202.0,1
BSLH0199,10.0,34.0,0.75,13.91,12.7,1.8294,0.0424,474.0,0
BSLH0200,80.0,53.0,0.8,7.25,3.31,1.3491,-0.0091,404.0,0
BSLH0201,73.0,50.0,0.4167,7.88,6.14,1.496,-0.01,411.0,1
BSLH0202,280.0,21.0,0.8333,9.8,8.04,1.2524,-0.0249,203.0,1
BSLH0203,57.0,3.0,0.3333,213.5,243.95,1.2,0.7,427.0,1
BSLH0204,0.0,29.0,0.3043,16.86,13.95,0.8966,-0.0646,483.0,1
BSLH0205,191.0,14.0,0.25,22.0,36.38,1.7714,-0.0387,293.0,1
BSLH0206,212.0,23.0,0.5,11.91,7.27,0.8,0.0135,272.0,1
BSLH0207,46.0,35.0,0.1613,12.47,29.42,1.0543,-0.0109,437.0,1
BSLH0208,421.0,7.0,0.3333,10.17,7.83,1.4571,-0.1571,63.0,1
BSLH0209,95.0,44.0,0.3636,8.56,11.77,1.2409,-0.0158,389.0,1
BSLH0210,2.0,83.0,1.1,5.45,4.57,2.3229,-0.0139,482.0,0
BSLH0211,123.0,55.0,1.3333,6.2,3.99,1.1091,-0.009,360.0,1
BSLH0212,182.0,21.0,0.5714,14.7,11.81,1.3714,-0.0619,301.0,1
BSLH0213,2.0,79.0,0.8605,5.81,4.09,2.8266,-0.0086,482.0,0
BSLH0215,3.0,94.0,0.4394,4.82,4.25,1.4181,-0.0029,481.0,0
BSLH0216,10.0,33.0,0.4167,14.25,14.35,1.4909,0.0115,474.0,0
BSLH0217,2.0,41.0,0.5,11.32,6.99,0.3976,0.008,471.0,0
BSLH0218,0.0,64.0,0.7568,7.22,5.0,1.4141,-0.0126,483.0,1
BSLH0220,17.0,54.0,0.7742,8.28,5.54,2.3056,0.0046,467.0,1
BSLH0221,248.0,27.0,0.5556,8.46,4.86,1.2519,0.0175,235.0,1
BSLH0222,170.0,2.0,0.5,279.0,0.0,2.35,4.1,279.0,1
BSLH0223,248.0,32.0,0.5,7.06,5.32,1.5188,0.0138,235.0,1
BSLH0224,14.0,55.0,0.5135,8.19,6.57,1.2,0.0076,469.0,0
BSLH0225,87.0,37.0,0.2667,10.53,11.96,1.4946,-0.027,397.0,1
BSLH0226,87.0,37.0,0.2258,10.53,16.13,1.5811,-0.0364,397.0,1
BSLH0227,154.0,49.0,1.0,6.35,3.56,1.9265,0.0214,329.0,1
BSLH0228,157.0,42.0,0.7917,7.37,5.03,1.4357,-0.0423,327.0,1
BSLH0229,157.0,37.0,0.6522,8.47,6.47,1.2351,-0.0132,327.0,1
BSLH0230,134.0,35.0,0.3333,9.88,9.88,0.7143,-0.0263,349.0,1
BSLH0231,134.0,34.0,0.3462,10.15,9.94,0.6735,-0.0213,349.0,1
BSLH0232,134.0,35.0,0.3846,9.85,9.12,0.6371,-0.018,351.0,1
BSLH0233,231.0,42.0,0.5926,5.8,5.21,0.8429,-0.0294,254.0,1
BSLH0234,178.0,33.0,0.5455,9.09,7.01,0.6273,-0.0144,306.0,1
BSLH0235,10.0,54.0,0.4865,8.47,6.7,1.4537,0.0003,474.0,0
BSLH0236,0.0,40.0,0.3226,11.87,11.04,0.3525,-0.0093,483.0,1
BSLH0237,10.0,15.0,0.1429,33.36,70.72,1.9333,-0.1089,474.0,1
BSLH0238,248.0,19.0,0.3333,12.61,9.13,0.5737,0.0042,235.0,1
BSLH0239,194.0,28.0,0.381,10.11,9.99,1.3357,-0.0025,290.0,1
BSLH0240,33.0,40.0,0.2812,11.1,13.16,3.3675,-0.1362,451.0,0
BSLH0241,248.0,27.0,0.5556,8.42,4.88,1.2593,-0.0508,235.0,1
BSLH0242,248.0,25.0,0.625,9.21,5.1,1.424,-0.0025,235.0,1
BSLH0243,248.0,18.0,1.1111,13.35,6.59,0.8056,0.0152,235.0,1
BSLH0244,248.0,21.0,0.4667,11.15,9.97,0.6286,0.0192,235.0,1
BSLH0245,152.0,28.0,0.2083,11.67,17.52,1.2679,-0.007,332.0,1
BSLH0246,247.0,33.0,1.125,6.91,4.01,1.1242,-0.0172,237.0,1
BSLH0247,248.0,24.0,0.5625,9.57,5.88,1.2583,0.038,235.0,1
BSLH0248,248.0,27.0,0.5556,8.42,4.88,1.3111,-0.0081,235.0,1
BSLH0249,248.0,27.0,0.5556,8.42,4.88,1.0667,-0.0093,235.0,1
BSLH0250,248.0,27.0,0.5556,8.46,5.12,1.437,-0.0079,235.0,1
BSLH0251,248.0,26.0,0.5,8.8,5.0,1.3038,-0.0359,235.0,1
BSLH0252,248.0,27.0,0.5556,8.42,4.88,0.9926,-0.0169,235.0,1
BSLH0253,274.0,26.0,0.5882,7.76,3.59,1.0808,0.0234,210.0,1
BSLH0254,248.0,16.0,0.4167,15.07,10.94,1.3938,0.0519,235.0,1
BSLH0255,0.0,72.0,0.3519,6.54,12.14,2.4458,0.0352,483.0,1
BSLH0256,8.0,49.0,0.6129,9.44,5.43,2.3633,0.0329,476.0,1
BSLH0257,106.0,38.0,0.4444,9.81,9.1,0.9895,0.0109,377.0,1
BSLH0258,84.0,29.0,0.3636,13.68,11.08,0.3552,-0.0233,399.0,1
BSLH0259,52.0,74.0,0.5,5.49,4.93,2.7284,0.0206,432.0,0
BSLH0260,0.0,45.0,0.6429,10.48,9.75,2.2267,0.0085,483.0,0
BSLH0261,0.0,40.0,0.3667,11.9,10.99,0.32,-0.0112,483.0,1
BSLH0262,84.0,39.0,0.6667,10.03,7.48,0.7026,-0.0012,399.0,1
BSLH0263,155.0,40.0,0.5185,8.1,8.52,0.9425,0.0044,328.0,1
BSLH0264,54.0,25.0,0.625,17.42,12.24,1.064,-0.0524,430.0,1
BSLH0265,0.0,9.0,0.6667,18.62,13.63,1.0111,0.2683,153.0,0
BSLH0266,248.0,34.0,0.4583,6.64,5.47,1.2,-0.0277,235.0,1
BSLH0267,248.0,32.0,0.4348,7.1,5.76,0.9125,0.0054,235.0,1
BSLH0268,248.0,25.0,0.5294,8.96,5.08,0.832,-0.0045,231.0,1
BSLH0269,248.0,26.0,0.5,8.76,7.95,0.5808,0.0119,235.0,1
BSLH0270,14.0,61.0,0.6757,7.38,5.6,1.9246,0.0186,469.0,0
BSLH0271,224.0,30.0,0.7222,8.48,7.45,1.0367,0.0343,259.0,1
BSLH0272,248.0,25.0,0.5294,9.17,8.13,0.748,0.0181,235.0,1
BSLH0273,17.0,25.0,0.1304,19.04,32.56,0.788,0.0283,467.0,1
BSLH0274,244.0,8.0,0.2857,34.0,33.26,0.625,-0.0762,240.0,1
BSLH0275,10.0,45.0,0.5333,10.57,11.14,1.5756,-0.017,487.0,1
BSLH0276,225.0,9.0,0.6667,32.12,28.89,1.5778,-0.11,261.0,1
BSLH0277,337.0,18.0,0.5833,8.24,3.36,2.1389,0.1097,148.0,1
BSLH0278,337.0,18.0,0.5833,8.24,3.4,2.2444,0.1501,148.0,1
BSLH0279,2.0,55.0,0.75,8.52,4.86,1.4964,0.0108,484.0,0
BSLH0280,129.0,39.0,0.4815,8.87,6.46,1.7949,-0.0102,357.0,1
BSLH0281,282.0,17.0,0.8,12.12,8.54,1.1353,-0.0262,204.0,1
BSLH0282,92.0,40.0,0.7826,9.72,11.39,1.7825,0.0075,393.0,1
BSLH0283,190.0,20.0,0.6154,14.95,10.59,1.075,-0.0641,295.0,1
BSLH0287,486.0,2.0,0.5,0.0,0.0,0.6,-0.8,0.0,1
BSLH0289,184.0,10.0,1.2,33.11,37.87,1.52,-0.0121,302.0,1
BSLH0291,247.0,27.0,0.4,8.69,8.29,1.0741,-0.0015,239.0,1
BSLH0292,0.0,68.0,0.8158,6.78,3.39,1.5382,-0.0059,485.0,0
BSLH0293,14.0,72.0,0.4898,6.24,6.04,4.1347,-0.005,471.0,1
BSLH0295,248.0,13.0,0.4,19.25,14.69,1.0615,-0.0863,238.0,1
BSLH0296,486.0,2.0,0.5,0.0,0.0,1.1,-1.8,0.0,1
BSLH0297,106.0,44.0,0.6071,8.28,7.32,0.5477,-0.014,379.0,1
BSLH0298,106.0,24.0,0.7857,16.0,14.23,1.0167,-0.0589,379.0,1
BSLH0299,106.0,38.0,0.56,9.7,11.42,0.8421,-0.0494,379.0,1
BSLH0300,0.0,66.0,0.9143,6.98,4.09,1.6409,-0.0113,485.0,0
BSLH0301,134.0,37.0,0.4615,9.33,8.73,0.6351,0.0017,351.0,1
BSLH0302,0.0,73.0,0.7619,6.28,3.91,1.4877,-0.003,485.0,0
BSLH0303,213.0,16.0,0.4167,17.67,15.94,2.05,-0.15,273.0,1
BSLH0304,334.0,4.0,0.25,50.0,68.51,0.725,0.07,151.0,1
BSLH0306,471.0,3.0,0.3333,7.0,1.41,1.0,-0.2,14.0,1
BSLH0307,213.0,17.0,0.3846,16.5,16.06,1.2824,0.0485,273.0,1
BSLH0308,17.0,60.0,0.3864,7.51,7.19,2.0583,-0.0121,468.0,0
BSLH0309,248.0,8.0,0.2857,33.57,36.41,1.8125,-0.0798,238.0,1
BSLH0310,31.0,23.0,0.4118,20.14,13.32,1.2435,-0.0554,454.0,1
BSLH0311,31.0,23.0,0.3333,20.14,17.09,1.3,-0.0666,454.0,1
BSLH0312,333.0,8.0,0.8,21.43,11.87,0.6875,-0.0226,153.0,1
BSLH0313,334.0,6.0,0.4,29.8,25.26,2.1167,-0.3514,151.0,1
BSLH0314,232.0,26.0,0.4211,9.64,9.36,1.2923,-0.0366,254.0,1
BSLH0315,247.0,14.0,0.1538,17.77,23.63,1.5214,-0.0538,239.0,1
BSLH0316,178.0,19.0,0.6667,16.72,15.78,0.9316,-0.0804,308.0,1
BSLH0317,134.0,35.0,0.3846,9.94,9.91,0.6343,-0.018,351.0,1
BSLH0318,261.0,29.0,0.6667,7.61,8.08,1.4103,0.0061,224.0,1
BSLH0319,98.0,42.0,0.4828,8.95,7.79,1.3929,-0.0053,387.0,1
BSLH0320,274.0,16.0,1.125,13.67,13.02,0.325,-0.0156,211.0,1
BSLH0321,80.0,36.0,0.4231,11.03,18.06,1.3083,-0.0263,405.0,1
BSLH0322,260.0,26.0,0.5882,8.48,9.61,1.5962,-0.0264,225.0,1
BSLH0323,156.0,45.0,0.84,7.05,3.51,1.4133,0.0182,329.0,1
BSLH0324,14.0,52.0,0.5143,8.73,5.82,1.5538,-0.0173,471.0,0
BSLH0325,99.0,27.0,0.2174,14.46,23.38,1.2259,0.0236,386.0,1
BSLH0326,344.0,8.0,0.5,19.71,8.75,0.6875,0.0464,141.0,1
BSLH0327,281.0,8.0,0.2857,28.71,19.78,0.7375,0.0702,204.0,1
BSLH0328,106.0,36.0,0.85,10.34,7.21,0.9944,-0.0694,379.0,1
BSLH0329,337.0,21.0,0.5714,6.9,4.02,2.4,0.0787,148.0,1
BSLH0330,168.0,46.0,0.88,6.58,4.1,1.5543,0.0081,317.0,1
BSLH0331,413.0,11.0,1.0,6.7,1.64,1.0727,-0.0509,72.0,1
BSLH0332,96.0,27.0,0.2727,14.38,31.59,2.2148,0.1918,384.0,1
BSLH0333,99.0,26.0,0.2273,14.8,23.81,1.2538,0.0496,381.0,1
BSLH0334,176.0,26.0,0.35,11.96,12.4,2.2962,0.0154,309.0,1
BSLH0335,239.0,32.0,0.8333,7.52,2.87,1.7,-0.0726,246.0,1
BSLH0336,337.0,10.0,0.5714,16.11,6.09,1.21,-0.0127,148.0,1
BSLH0337,239.0,44.0,0.4516,5.23,3.91,1.2977,-0.0176,246.0,1
BSLH0338,463.0,2.0,0.5,22.0,0.0,1.95,1.1,22.0,1
BSLH0339,123.0,58.0,1.2692,5.81,3.98,1.1034,-0.003,362.0,1
BSLH0340,14.0,63.0,0.4884,7.03,8.06,1.4238,-0.005,467.0,1
BSLH0341,121.0,41.0,0.68,8.62,5.79,1.1707,-0.016,364.0,1
BSLH0342,93.0,57.0,0.7576,6.54,3.27,2.1105,-0.0036,392.0,1
BSLH0343,319.0,27.0,0.75,6.0,3.78,3.537,-0.1979,166.0,1
BSLH0344,170.0,35.0,0.2414,8.82,9.4,1.2629,-0.0136,315.0,1
BSLH0345,9.0,48.0,0.4412,9.7,9.5,1.6875,0.0115,476.0,1
BSLH0346,2.0,63.0,0.8824,7.35,6.75,1.454,-0.014,483.0,0
BSLH0347,274.0,25.0,0.5294,8.33,8.72,1.432,-0.0564,211.0,1
BSLH0348,17.0,30.0,0.1071,15.72,37.19,1.7667,-0.0632,468.0,1
BSLH0349,80.0,52.0,0.8276,7.45,4.84,1.4731,-0.0041,405.0,1
BSLH0350,17.0,56.0,0.7273,8.0,4.96,2.5982,0.0134,468.0,1
BSLH0351,226.0,31.0,0.5238,8.13,6.07,1.6774,-0.0586,259.0,1
BSLH0352,129.0,30.0,0.1923,11.79,21.62,1.6467,0.0224,356.0,1
BSLH0353,226.0,31.0,0.5238,8.13,6.12,2.0548,-0.0394,259.0,1
BSLH0354,150.0,28.0,0.2083,11.89,14.68,1.2536,-0.015,335.0,1
BSLH0355,184.0,23.0,0.2,13.32,16.92,4.2043,-0.4191,301.0,1
BSLH0356,247.0,28.0,0.3182,8.33,9.03,4.2857,-0.3873,238.0,1
BSLH0357,246.0,33.0,0.7,7.0,5.4,1.9515,-0.0539,238.0,1
BSLH0358,319.0,23.0,0.7143,7.05,3.26,1.4609,-0.0536,166.0,1
BSLH0359,99.0,29.0,0.2,13.32,22.87,1.6828,-0.0045,386.0,1
BSLH0360,123.0,55.0,1.3333,6.19,3.91,3.8691,0.0797,361.0,1
BSLH0361,183.0,27.0,0.5556,11.19,8.75,1.3815,-0.0954,302.0,1
BSLH0362,112.0,24.0,0.4706,15.83,12.35,1.1375,-0.0605,372.0,1
BSLH0363,3.0,64.0,0.8056,7.21,4.34,1.1953,-0.0085,482.0,0
BSLH0364,82.0,34.0,0.2069,11.79,26.19,1.8676,-0.075,403.0,1
BSLH0365,274.0,22.0,0.6429,9.52,5.2,1.7636,-0.0313,211.0,1
BSLH0366,141.0,12.0,0.625,31.0,37.07,0.9083,0.1157,343.0,1
BSLH0367,194.0,17.0,0.2857,17.38,15.98,2.9471,-0.3255,284.0,1
BSLH0368,92.0,24.0,0.3158,16.65,19.99,1.4292,0.013,392.0,1
BSLH0369,45.0,38.0,0.3929,11.41,12.57,2.1184,-0.0026,440.0,1
BSLH0370,92.0,21.0,0.2222,19.15,34.11,1.1476,0.0422,392.0,1
BSLH0371,346.0,10.0,0.8333,14.89,7.83,0.8,0.0509,139.0,1
BSLH0372,16.0,34.0,0.0938,13.61,29.3,1.8941,0.0231,469.0,1
BSLH0373,323.0,12.0,2.25,14.18,12.14,1.375,0.008,162.0,1
BSLH0374,0.0,49.0,0.6129,9.6,5.76,1.2714,0.0383,484.0,0
BSLH0375,268.0,10.0,0.8333,23.56,10.43,1.66,-0.0376,217.0,1
BSLH0376,106.0,30.0,0.1923,12.52,19.94,1.8167,-0.0126,379.0,1
BSLH0377,134.0,30.0,0.24,11.48,15.21,1.79,-0.0069,349.0,1
BSLH0378,191.0,35.0,0.5,8.12,8.57,1.9343,0.0306,293.0,1
BSLH0379,2.0,44.0,0.5,10.72,11.08,2.2523,0.028,482.0,0
BSLH0380,2.0,37.0,0.6522,12.92,7.62,1.3027,-0.0172,482.0,1
BSLH0381,10.0,52.0,0.5143,8.78,6.63,1.4615,-0.0026,474.0,0
BSLH0382,10.0,50.0,0.4571,9.16,7.13,1.428,0.0007,474.0,0
BSLH0383,232.0,28.0,0.5263,8.85,5.32,1.5679,0.0133,252.0,1
BSLH0384,9.0,52.0,0.4324,8.8,8.62,2.3038,0.0149,474.0,0
BSLH0385,2.0,44.0,0.6071,10.67,6.52,1.3455,-0.0111,482.0,1
BSLH0387,337.0,14.0,0.5,10.85,8.43,2.1786,-0.0143,147.0,1
BSLH0388,337.0,13.0,0.2727,11.83,12.71,1.7846,0.1604,147.0,1
BSLH0389,289.0,17.0,0.6364,11.81,11.49,1.4706,0.0081,195.0,1
BSLH0390,239.0,40.0,0.4643,5.87,7.2,1.12,-0.0094,245.0,1
BSLH0391,112.0,43.0,0.6296,8.36,6.64,1.6186,-0.0174,371.0,1
BSLH0392,112.0,20.0,0.2353,19.11,19.42,1.165,-0.096,371.0,1
BSLH0393,107.0,31.0,0.28,12.13,12.63,1.2032,-0.016,376.0,1
BSLH0394,106.0,41.0,0.6154,8.88,6.11,0.5627,-0.0165,377.0,1
BSLH0395,416.0,4.0,0.6667,22.0,17.09,1.325,0.29,67.0,1
BSLH0396,198.0,20.0,0.5,14.58,14.21,1.71,0.0436,286.0,1
BSLH0397,112.0,30.0,0.55,12.38,10.29,1.6267,-0.0525,371.0,1
BSLH0398,252.0,16.0,0.5455,14.87,8.22,0.9812,0.0193,231.0,1
BSLH0399,24.0,44.0,0.3235,10.23,11.76,1.6818,0.0061,460.0,0
BSLH0400,24.0,16.0,1.125,30.2,23.52,4.45,-0.93,460.0,1
BSLH0401,274.0,9.0,0.6667,25.75,17.33,0.4889,0.0133,210.0,1
BSLH0402,252.0,16.0,0.5455,14.87,8.22,1.1,-0.0171,231.0,1
BSLH0403,0.0,27.0,0.4,18.19,10.67,0.6778,-0.0217,483.0,1
BSLH0404,252.0,16.0,0.5455,14.87,8.22,0.9625,0.0062,231.0,1
BSLH0405,106.0,44.0,0.6071,8.3,6.51,0.5977,-0.0061,377.0,1
BSLH0406,106.0,40.0,0.64,9.13,6.32,0.5075,-0.0083,377.0,1
BSLH0407,394.0,11.0,0.5,8.6,4.77,2.0364,0.0,90.0,1
BSLH0408,240.0,22.0,0.3529,11.05,8.75,1.4864,-0.0199,243.0,1
BSLH0409,386.0,12.0,0.625,8.55,5.05,1.0417,-0.0948,98.0,1
BSLH0410,3.0,64.0,0.8056,7.14,3.19,1.1672,-0.0105,481.0,0
BSLH0411,260.0,26.0,0.8,8.4,5.33,1.5462,-0.0809,223.0,1
BSLH0412,162.0,19.0,0.1765,17.39,24.47,1.2842,-0.0318,322.0,1
BSLH0413,106.0,34.0,0.8421,10.88,12.77,0.6618,-0.0245,377.0,1
BSLH0414,155.0,10.0,0.5714,36.0,49.7,0.89,0.1036,328.0,1
BSLH0415,334.0,17.0,0.2857,8.88,8.31,1.8588,0.0422,150.0,1
BSLH0416,197.0,8.0,0.5,35.43,35.12,1.7625,0.0821,251.0,1
BSLH0417,17.0,48.0,0.4848,9.43,7.05,1.6812,-0.0202,467.0,1
BSLH0418,282.0,19.0,0.5385,10.78,6.25,4.7947,-0.8523,202.0,1
BSLH0419,288.0,19.0,0.4286,10.67,8.69,1.3789,-0.0418,196.0,1
BSLH0420,121.0,41.0,0.6154,8.6,5.79,1.339,-0.0172,363.0,1
BSLH0421,309.0,19.0,1.0,9.22,6.63,1.1632,-0.0516,175.0,1
BSLH0422,14.0,22.0,0.15,21.86,56.29,1.2773,-0.0493,469.0,0
BSLH0423,144.0,19.0,0.3333,18.39,19.06,1.8842,0.103,339.0,1
BSLH0424,92.0,71.0,0.3585,5.14,6.05,1.7338,-0.0212,391.0,0
BSLH0425,194.0,17.0,0.5,17.75,8.81,2.2059,-0.0652,290.0,1
BSLH0426,92.0,56.0,0.5405,6.71,6.57,2.4357,-0.0242,391.0,1
BSLH0427,92.0,55.0,0.5556,6.87,6.73,2.2527,-0.0273,391.0,1
BSLH0428,92.0,62.0,0.4,6.07,6.7,2.271,-0.0156,391.0,0
BSLH0429,92.0,50.0,0.3784,7.59,11.27,2.428,-0.029,391.0,1
BSLH0430,92.0,58.0,0.5526,6.49,6.57,2.4397,-0.0234,391.0,1
BSLH0431,121.0,54.0,1.1154,6.36,3.49,1.2278,-0.0174,364.0,1
BSLH0432,121.0,48.0,1.1304,7.28,4.8,0.9896,-0.0046,364.0,1
BSLH0433,316.0,16.0,0.5455,10.8,6.44,0.9875,0.0091,168.0,1
BSLH0434,123.0,60.0,1.2593,5.68,3.23,13.995,0.4818,361.0,0
BSLH0435,224.0,29.0,0.5789,8.79,6.48,0.9931,-0.0116,260.0,1
BSLH0436,231.0,11.0,0.7143,24.2,14.9,0.7818,0.0073,247.0,1
BSLH0437,24.0,35.0,0.3333,13.06,20.11,3.1371,-0.0919,460.0,0
BSLH0438,319.0,14.0,0.5,12.31,6.1,1.3714,-0.0563,165.0,1
BSLH0439,9.0,47.0,0.3714,9.83,8.05,1.5894,-0.0093,475.0,0
BSLH0440,247.0,25.0,0.4444,9.46,9.7,1.856,0.0007,237.0,1
BSLH0441,17.0,24.0,0.1905,19.74,44.25,1.5875,-0.046,467.0,1
BSLH0442,354.0,5.0,1.0,32.25,5.97,0.88,0.32,130.0,1
BSLH0443,64.0,40.0,0.5185,10.26,11.71,1.725,-0.0045,420.0,1
BSLH0444,248.0,20.0,0.6154,12.0,8.12,2.485,-0.0222,236.0,1
BSLH0445,101.0,49.0,0.7241,7.48,5.09,1.1551,-0.0184,383.0,1
BSLH0446,484.0,2.0,0.5,0.0,0.0,0.65,-0.7,0.0,1
BSLH0447,33.0,26.0,0.125,17.56,38.22,2.4615,-0.1214,451.0,1
BSLH0448,112.0,24.0,0.4706,15.65,19.53,2.0792,-0.0192,371.0,1
BSLH0449,17.0,41.0,0.5,11.2,9.38,1.1488,-0.008,467.0,0
BSLH0450,182.0,26.0,0.2857,11.56,12.31,1.4423,0.0097,302.0,1
BSLH0451,213.0,28.0,0.5263,9.56,7.67,1.4286,0.0248,271.0,1
BSLH0452,191.0,27.0,0.4737,10.81,8.96,1.4778,0.0114,293.0,1
BSLH0453,9.0,40.0,0.3667,11.72,13.14,2.1825,-0.0294,475.0,1
BSLH0454,319.0,9.0,0.4286,20.38,21.35,1.2111,-0.0567,165.0,1
BSLH0455,315.0,27.0,0.75,6.12,4.02,2.1037,0.069,168.0,1
BSLH0456,2.0,67.0,0.7436,6.83,4.01,3.7209,-0.044,482.0,0
BSLH0457,28.0,97.0,0.3425,4.55,9.21,2.7186,0.0101,455.0,1
BSLH0458,3.0,57.0,0.7059,8.07,5.27,1.186,-0.0147,481.0,0
BSLH0459,179.0,7.0,0.1429,50.67,72.74,2.5143,-0.2107,305.0,1
BSLH0460,8.0,63.0,0.5238,7.23,7.32,1.8714,0.0127,476.0,0
BSLH0461,337.0,18.0,0.5833,8.18,3.5,2.8722,-0.0207,146.0,1
BSLH0462,413.0,10.0,0.5714,7.56,2.51,3.51,-0.7012,70.0,1
BSLH0463,126.0,55.0,1.1538,6.17,4.22,1.1455,-0.0038,358.0,1
BSLH0465,222.0,15.0,0.6,18.29,15.55,2.88,0.0161,262.0,1
BSLH0466,354.0,2.0,0.5,130.0,0.0,1.0,-0.0,130.0,1
BSLH0467,220.0,16.0,0.5455,17.13,16.07,2.6,-0.1185,264.0,1
BSLH0468,73.0,147.0,0.0207,2.75,14.47,12.602,0.0423,411.0,1
BSLH0469,254.0,23.0,0.3333,9.95,12.06,1.3174,-0.0134,230.0,1
BSLH0470,9.0,49.0,0.3514,9.4,8.24,1.5816,-0.0067,475.0,0
BSLH0471,150.0,19.0,0.3333,18.11,16.61,3.2211,0.0319,334.0,1
BSLH0472,3.0,63.0,0.8824,7.27,3.11,1.1714,-0.01,481.0,0
BSLH0473,197.0,10.0,0.375,24.0,35.32,2.61,-0.2491,219.0,0
BSLH0474,9.0,18.0,0.1176,27.59,47.09,1.3611,0.0051,475.0,1
BSLH0475,106.0,36.0,0.7619,10.23,12.13,0.5,-0.0123,377.0,1
BSLH0476,99.0,47.0,0.6,7.87,6.87,1.2404,0.0001,385.0,1
BSLH0477,224.0,16.0,0.3077,17.0,16.08,3.2875,0.0406,260.0,1
BSLH0478,361.0,18.0,0.4615,6.76,4.34,1.3667,-0.0873,123.0,1
BSLH0479,413.0,6.0,0.1667,14.0,12.57,1.25,0.5629,71.0,1
BSLH0480,150.0,33.0,0.4167,9.94,11.86,1.2636,-0.0164,334.0,1
BSLH0481,245.0,28.0,0.6111,8.37,4.35,1.3071,-0.0273,239.0,1
BSLH0482,191.0,27.0,0.3333,10.85,10.93,3.5222,-0.1689,293.0,1
BSLH0483,212.0,37.0,0.52,7.11,4.46,0.8432,0.0005,272.0,1
BSLH0484,121.0,40.0,0.64,8.87,5.54,2.8125,0.037,363.0,1
BSLH0485,252.0,17.0,0.6364,14.0,8.69,0.9824,0.0194,232.0,1
BSLH0486,329.0,14.0,0.25,11.46,14.05,0.8357,-0.0547,155.0,1
BSLH0487,219.0,20.0,0.6154,13.47,11.22,2.15,0.0241,265.0,1
BSLH0488,98.0,35.0,0.3333,10.88,9.94,0.9057,-0.0084,386.0,1
BSLH0489,92.0,54.0,0.5714,7.04,6.67,2.337,-0.0274,392.0,1
BSLH0491,267.0,23.0,0.4118,9.5,8.44,1.0739,-0.005,217.0,1
BSLH0492,150.0,57.0,0.2609,5.7,8.17,6.3895,0.1937,334.0,1
BSLH0493,302.0,2.0,0.5,183.0,0.0,2.25,-0.5,183.0,1
BSLH0494,182.0,38.0,0.2188,7.97,11.57,1.2026,0.026,302.0,1
BSLH0495,134.0,31.0,0.2308,11.13,15.98,2.9968,-0.0376,350.0,1
BSLH0496,260.0,25.0,0.5294,9.0,6.77,0.896,-0.0163,225.0,1
BSLH0497,93.0,131.0,0.5904,2.78,3.83,2.0992,0.0087,391.0,1
BSLH0498,98.0,35.0,0.3846,10.91,9.59,1.64,-0.0141,386.0,0
BSLH0499,357.0,12.0,0.8571,11.09,6.53,0.9417,0.1052,127.0,1
BSLH0500,150.0,38.0,0.56,8.62,7.23,4.4237,0.0106,335.0,1
BSLH0501,157.0,38.0,0.3929,8.38,7.91,4.5921,0.0634,327.0,1
BSLH0502,141.0,13.0,0.4,28.25,29.62,2.4077,-0.1775,343.0,1
BSLH0503,407.0,5.0,0.5,19.0,10.3,1.28,0.18,77.0,1
BSLH0504,225.0,15.0,0.6,18.14,22.31,1.44,-0.0061,260.0,1
BSLH0505,214.0,32.0,0.9412,8.26,4.17,1.4031,-0.0185,271.0,1
BSLH0506,225.0,32.0,0.65,7.84,4.86,1.5438,-0.0363,259.0,1
BSLH0507,239.0,32.0,0.7368,7.52,3.61,1.6188,-0.0383,245.0,1
BSLH0508,225.0,33.0,0.7,7.56,4.98,1.4091,-0.0232,259.0,1
BSLH0509,247.0,22.0,0.4375,10.86,9.4,0.7909,-0.0082,238.0,1
BSLH0510,43.0,22.0,0.0952,20.57,42.78,0.7909,0.0183,442.0,1
BSLH0511,156.0,22.0,0.6429,15.19,16.87,1.8773,-0.0453,328.0,1
BSLH0512,309.0,14.0,0.25,13.0,20.89,1.7071,-0.1712,175.0,1
BSLH0513,247.0,34.0,0.8421,6.76,2.29,1.0824,-0.0094,238.0,1
BSLH0514,338.0,5.0,2.0,36.25,34.44,1.36,-0.61,147.0,1
BSLH0515,218.0,38.0,0.625,6.73,3.66,2.0184,0.0598,267.0,1
BSLH0516,456.0,4.0,0.6667,8.67,4.73,10.9,0.42,27.0,1
BSLH0517,0.0,60.0,0.7941,7.76,5.31,1.325,-0.0104,484.0,1
BSLH0518,0.0,56.0,0.6765,8.33,5.71,1.3268,-0.0124,484.0,1
BSLH0519,0.0,34.0,0.75,14.21,15.59,1.4088,-0.0176,484.0,1
BSLH0520,334.0,6.0,0.4,29.8,20.17,1.4833,-0.3457,151.0,1
BSLH0521,0.0,60.0,0.6486,7.73,5.09,2.2,-0.0488,484.0,1
BSLH0522,184.0,13.0,0.5556,24.75,25.9,1.2077,-0.0165,301.0,1
BSLH0523,309.0,15.0,0.6,12.0,9.98,4.4333,-0.2921,175.0,1
BSLH0524,287.0,3.0,1.0,98.5,74.25,3.5333,0.75,197.0,1
BSLH0525,106.0,41.0,0.6154,8.88,7.17,0.5237,-0.0088,378.0,1
BSLH0526,194.0,35.0,0.6364,7.94,4.92,1.2429,-0.0026,289.0,1
BSLH0527,149.0,31.0,0.3913,10.63,9.51,1.6065,0.0067,333.0,1
BSLH0528,414.0,13.0,0.5556,5.33,3.87,2.0769,-0.1462,69.0,1
BSLH0529,0.0,50.0,0.7586,9.37,6.71,3.838,0.0341,483.0,0
BSLH0530,149.0,32.0,0.5,10.32,11.33,1.7812,-0.0923,335.0,0
BSLH0531,247.0,6.0,0.1667,47.2,87.71,1.7833,-0.4943,237.0,1
BSLH0532,309.0,25.0,0.8571,6.71,2.48,1.288,-0.0562,176.0,1
BSLH0533,44.0,49.0,0.6667,8.67,6.71,1.4286,0.0052,440.0,1
BSLH0534,24.0,51.0,0.7333,8.68,5.49,1.4745,-0.004,461.0,0
BSLH0535,24.0,50.0,0.5938,8.8,6.61,1.606,-0.0028,461.0,0
BSLH0536,239.0,26.0,0.8,9.4,7.15,1.0038,-0.05,245.0,1
BSLH0537,324.0,19.0,0.5385,8.28,4.53,1.7474,-0.0791,159.0,1
BSLH0538,224.0,15.0,0.6,17.93,10.29,0.66,-0.0439,259.0,1
BSLH0539,309.0,17.0,0.6364,10.38,8.94,1.6765,-0.1199,174.0,1
BSLH0541,10.0,22.0,1.3,22.29,25.69,1.7591,0.0992,475.0,0
BSLH0542,478.0,2.0,0.5,5.0,0.0,2.25,-2.5,5.0,1
BSLH0543,14.0,48.0,0.4412,9.55,11.2,1.7771,0.008,469.0,1
BSLH0544,157.0,16.0,2.4,21.33,33.18,0.8188,0.0078,326.0,1
BSLH0545,150.0,13.0,0.5556,27.33,21.48,1.3154,0.0956,334.0,1
BSLH0546,3.0,63.0,0.8824,7.27,3.65,1.1619,-0.0113,481.0,0
BSLH0547,247.0,33.0,0.8889,6.94,2.8,1.4818,-0.0236,237.0,1
BSLH0548,334.0,5.0,0.2,37.0,43.44,2.86,-0.53,150.0,1
BSLH0549,70.0,41.0,0.4483,9.88,9.75,1.622,-0.0123,413.0,0
BSLH0550,443.0,2.0,0.5,40.0,0.0,0.55,0.9,40.0,1
BSLH0551,407.0,8.0,0.2857,10.29,8.3,0.7875,0.1369,76.0,1
BSLH0552,80.0,53.0,0.8,7.27,3.4,1.5302,-0.006,404.0,0
BSLH0553,402.0,2.0,0.5,77.0,0.0,1.0,1.6,77.0,1
BSLH0559,478.0,2.0,0.5,0.0,0.0,3.7,4.6,0.0,1
BSLH0560,45.0,5.0,1.0,109.5,158.16,1.44,0.55,439.0,1
BSLH0561,240.0,31.0,0.6,7.57,4.52,1.2677,-0.0116,243.0,1
BSLH0562,282.0,15.0,0.4545,14.07,13.36,2.6133,-0.155,202.0,1
BSLH0563,254.0,22.0,0.2105,10.43,15.36,1.2682,0.0117,229.0,1
BSLH0564,224.0,29.0,0.7647,8.82,4.81,3.4069,0.1409,260.0,1
BSLH0565,288.0,16.0,0.4167,12.53,17.88,1.7188,-0.036,195.0,1
BSLH0566,239.0,5.0,1.0,61.0,61.58,0.98,0.05,245.0,1
BSLH0567,10.0,64.0,0.6667,7.02,5.92,2.3078,-0.0065,475.0,0
BSLH0568,246.0,29.0,0.5,7.86,7.69,1.6966,0.0095,232.0,1
BSLH0569,232.0,22.0,0.4375,11.57,8.63,1.1045,-0.0431,253.0,1
BSLH0570,260.0,39.0,0.3333,6.68,6.8,1.641,0.0419,267.0,1
BSLH0571,182.0,20.0,0.1667,15.37,17.9,1.885,-0.0876,297.0,1
BSLH0572,2.0,51.0,0.5294,9.16,5.55,1.4529,-0.0025,482.0,0
BSLH0573,480.0,2.0,0.5,3.0,0.0,0.45,0.3,3.0,1
BSLH0574,191.0,29.0,0.5,9.93,7.36,2.1655,0.0677,292.0,1
BSLH0575,9.0,44.0,0.3636,10.63,9.81,1.8455,0.0087,475.0,1
BSLH0576,273.0,24.0,0.1905,8.78,14.19,1.5458,-0.0738,210.0,1
BSLH0577,2.0,56.0,0.6286,8.33,4.94,1.5196,-0.0213,483.0,0
BSLH0578,327.0,4.0,0.25,52.0,50.69,2.975,0.13,157.0,1
BSLH0579,218.0,28.0,0.5263,9.41,6.06,1.7214,-0.0679,266.0,1
BSLH0580,267.0,21.0,0.375,10.4,8.28,1.6143,-0.0251,217.0,1
BSLH0581,232.0,28.0,0.45,8.93,7.39,1.3036,-0.0331,253.0,1
BSLH0582,252.0,2.0,0.5,232.0,0.0,0.85,-0.3,232.0,1
BSLH0583,2.0,36.0,0.4231,13.37,23.48,1.2056,-0.0062,483.0,0
BSLH0584,267.0,18.0,0.4615,12.29,11.25,1.1,-0.0658,217.0,1
BSLH0585,232.0,27.0,0.4,9.27,7.3,1.0222,-0.0205,253.0,1
BSLH0586,476.0,2.0,0.5,8.0,0.0,2.5,0.2,8.0,1
BSLH0587,45.0,40.0,0.7826,10.79,9.3,1.9475,-0.034,439.0,1
BSLH0588,240.0,17.0,0.2857,14.75,17.83,2.6647,0.1184,244.0,1
BSLH0589,315.0,17.0,0.5,10.0,10.09,2.0706,-0.1684,169.0,1
BSLH0590,2.0,56.0,0.6286,8.35,4.93,1.2946,-0.0014,483.0,0
BSLH0591,93.0,37.0,0.3571,10.42,9.48,1.4757,-0.0102,391.0,1
BSLH0592,276.0,24.0,0.5625,8.57,3.93,1.3,0.0038,209.0,1
BSLH0593,162.0,38.0,0.625,8.27,5.59,10.3842,-0.2656,322.0,1
BSLH0594,276.0,27.0,0.6471,7.42,3.53,1.5593,0.0017,209.0,1
BSLH0595,17.0,33.0,0.1724,14.06,17.56,2.903,0.2216,467.0,1
BSLH0596,338.0,7.0,0.1429,23.83,28.58,1.4429,0.2036,147.0,1
BSLH0597,149.0,24.0,0.4706,14.09,15.68,1.1667,-0.0291,335.0,1
BSLH0598,9.0,22.0,0.0455,22.14,61.06,1.2227,-0.0184,475.0,1
BSLH0599,252.0,20.0,0.4,11.74,10.91,1.095,-0.0453,232.0,1
BSLH0600,70.0,48.0,0.4412,8.38,8.7,2.1771,0.0135,414.0,0
BSLH0601,247.0,7.0,0.3333,38.0,36.09,1.2286,0.0929,230.0,1
BSLH0602,247.0,22.0,0.3529,10.62,10.92,1.5091,-0.1593,232.0,1
BSLH0603,333.0,6.0,0.1667,28.8,41.87,1.4333,0.1486,145.0,1
BSLH0604,316.0,5.0,1.0,41.5,37.17,0.94,-0.15,167.0,1
BSLH0605,336.0,9.0,0.25,17.25,16.77,2.9556,-0.5967,141.0,1
BSLH0606,366.0,10.0,0.375,12.0,13.36,3.87,0.1679,112.0,1
BSLH0607,2.0,32.0,0.0312,14.9,47.59,1.3156,-0.0019,477.0,0
BSLH0608,295.0,17.0,0.6364,11.44,9.88,2.4235,0.3017,190.0,1
BSLH0609,294.0,17.0,0.6364,11.12,9.76,2.5588,0.3287,185.0,1
BSLH0610,149.0,29.0,0.3636,11.54,13.34,2.0345,-0.1134,336.0,1
BSLH0611,337.0,21.0,0.6923,6.65,3.05,1.819,-0.0469,140.0,1
BSLH0612,247.0,7.0,0.3333,38.0,36.09,1.2143,0.1036,230.0,1
BSLH0613,191.0,32.0,0.65,8.74,8.06,2.0062,-0.0386,287.0,1
BSLH0614,191.0,23.0,0.6,12.55,9.64,2.0565,-0.0063,287.0,1
BSLH0615,121.0,36.0,0.6087,9.71,10.34,2.0278,-0.0353,356.0,1
BSLH0616,222.0,28.0,1.0714,9.04,5.83,1.9464,0.0019,256.0,1
BSLH0617,260.0,18.0,1.1111,12.59,10.61,1.5444,-0.0836,219.0,1
BSLH0618,266.0,21.0,0.375,10.45,7.97,1.8571,-0.0588,219.0,1
BSLH0619,2.0,38.0,0.3448,12.46,13.34,2.0079,-0.0267,476.0,0
BSLH0620,152.0,17.0,0.5,20.0,10.13,2.1294,-0.3689,326.0,1
BSLH0621,182.0,23.0,0.4118,13.36,12.16,2.1522,0.069,303.0,1
BSLH0622,72.0,72.0,0.6222,5.24,5.78,3.5347,0.0468,407.0,1
BSLH0623,0.0,62.0,0.4,7.54,8.23,1.3065,0.0079,485.0,1
BSLH0624,106.0,69.0,0.3725,4.97,5.86,0.7768,-0.0102,371.0,1
BSLH0625,247.0,34.0,0.8421,6.52,2.73,1.1118,-0.0138,231.0,1
BSLH0626,260.0,7.0,0.3333,35.83,33.27,1.9286,0.3929,216.0,1
BSLH0627,222.0,35.0,0.8,7.29,4.59,1.6686,0.0069,264.0,1
BSLH0628,260.0,7.0,0.3333,36.0,33.1,1.9571,0.3714,218.0,1
BSLH0629,334.0,6.0,0.4,29.4,25.62,1.2,-0.0114,149.0,1
BSLH0630,436.0,2.0,0.5,47.0,0.0,2.45,2.1,47.0,1
BSLH0631,273.0,9.0,0.25,26.25,22.13,1.0333,0.0283,212.0,1
BSLH0632,222.0,36.0,0.6087,6.83,4.96,1.8028,0.0268,255.0,1
BSLH0633,84.0,11.0,0.5,39.5,30.29,1.2455,0.0809,398.0,1
BSLH0634,274.0,10.0,0.375,22.11,20.96,1.21,-0.043,203.0,1
BSLH0636,224.0,22.0,0.7692,11.57,7.59,2.2273,0.0858,253.0,1
BSLH0637,64.0,58.0,0.9032,6.82,2.32,1.4276,-0.0331,414.0,1
BSLH0638,2.0,22.0,0.15,22.33,47.25,1.5455,-0.0414,477.0,0
BSLH0639,316.0,18.0,0.4615,9.18,9.18,0.8778,0.0281,162.0,1
BSLH0640,186.0,24.0,0.3889,12.43,15.01,1.95,-0.0495,297.0,1
BSLH0641,183.0,11.0,0.0909,29.5,50.21,1.2545,0.0691,300.0,1
BSLH0642,309.0,21.0,0.6923,8.25,4.76,0.6286,0.0078,174.0,1
BSLH0643,156.0,29.0,0.2,11.07,16.76,1.0897,0.0012,326.0,1
BSLH0644,245.0,16.0,1.125,15.4,17.78,1.8562,-0.1287,237.0,1
BSLH0645,2.0,27.0,0.037,17.96,47.64,1.2333,-0.0415,481.0,1
BSLH0646,252.0,171.0,0.9111,1.24,2.57,3.1813,0.0058,231.0,1
BSLH0647,247.0,15.0,0.1429,16.43,25.32,1.1,0.0246,236.0,1
BSLH0648,0.0,63.0,0.7778,7.27,5.98,1.6159,-0.0008,482.0,0
BSLH0649,150.0,33.0,0.4167,9.97,10.02,1.3909,-0.0219,332.0,1
BSLH0650,247.0,15.0,0.1429,16.36,25.02,1.1733,-0.0096,236.0,1
BSLH0651,218.0,31.0,0.5238,8.43,4.46,1.5935,-0.0338,265.0,1
BSLH0652,247.0,15.0,0.1429,16.36,25.02,1.3533,-0.0311,236.0,1
BSLH0653,289.0,18.0,0.1875,11.12,12.14,3.4944,-0.5124,194.0,1
BSLH0654,239.0,27.0,1.0,8.96,6.1,0.7778,0.0037,244.0,1
BSLH0655,2.0,26.0,0.6875,18.8,16.04,1.1846,-0.0263,482.0,0
BSLH0656,247.0,14.0,0.1538,17.62,26.65,1.1643,-0.038,236.0,1
BSLH0657,218.0,31.0,0.6842,8.4,4.71,1.571,-0.0181,265.0,1
BSLH0658,247.0,16.0,0.1333,15.27,24.48,1.2625,-0.0444,236.0,1
BSLH0659,247.0,15.0,0.1429,16.36,25.02,1.5733,-0.0575,236.0,1
BSLH0660,267.0,21.0,0.6923,10.1,5.03,1.4857,-0.0247,210.0,1
BSLH0661,10.0,39.0,0.4815,12.11,18.24,3.1615,-0.0812,473.0,0
BSLH0662,129.0,33.0,0.619,10.47,7.61,1.6848,-0.0071,354.0,1
BSLH0663,232.0,27.0,0.6471,9.27,5.29,1.3815,-0.0381,251.0,1
BSLH0664,281.0,13.0,0.4,16.33,14.25,2.2462,0.0879,202.0,1
BSLH0665,247.0,14.0,0.1538,17.69,26.6,1.7214,-0.0187,236.0,1
BSLH0666,232.0,8.0,0.5,35.29,32.89,1.225,-0.0476,251.0,1
BSLH0667,163.0,23.0,0.5,14.18,18.86,1.2174,-0.0428,320.0,1
BSLH0668,112.0,29.0,0.3043,12.82,19.49,1.1069,-0.0099,371.0,1
BSLH0669,45.0,30.0,1.0667,14.55,14.8,1.8067,-0.036,438.0,1
BSLH0670,129.0,23.0,1.0,15.59,13.23,1.5609,-0.0157,354.0,1
BSLH0671,226.0,23.0,0.6,11.18,8.57,0.8043,-0.0139,257.0,1
BSLH0672,84.0,42.0,0.4333,9.24,9.86,1.6619,-0.0191,398.0,1
BSLH0673,59.0,45.0,0.7037,9.18,5.36,1.9667,0.0593,424.0,1
BSLH0674,276.0,18.0,0.9,11.59,12.9,1.7778,-0.1034,207.0,1
BSLH0675,245.0,15.0,0.3333,16.5,18.85,1.8067,-0.0086,238.0,1
BSLH0676,152.0,25.0,0.1304,13.38,22.34,3.604,0.1745,331.0,1
BSLH0677,338.0,10.0,0.375,15.89,16.13,1.86,-0.1491,145.0,1
BSLH0678,112.0,37.0,0.4615,9.81,9.19,1.2568,-0.0249,371.0,1
BSLH0679,226.0,31.0,0.6,7.9,4.16,2.471,-0.0466,253.0,1
BSLH0680,274.0,21.0,0.5714,9.55,4.32,1.1381,-0.0513,204.0,1
BSLH0681,93.0,45.0,0.5862,8.3,8.09,1.7578,0.0386,387.0,1
BSLH0682,80.0,24.0,0.3889,16.83,30.38,1.3792,-0.015,398.0,1
BSLH0683,113.0,47.0,0.6552,7.46,3.9,2.1702,0.0457,365.0,1
BSLH0684,222.0,25.0,0.625,10.29,4.38,2.908,-0.0413,257.0,1
BSLH0685,231.0,23.0,0.3333,10.82,16.16,1.7826,-0.0562,248.0,0
BSLH0686,239.0,22.0,0.9167,10.9,9.55,0.7,-0.004,238.0,1
BSLH0687,53.0,48.0,0.4412,8.57,8.68,0.9188,-0.0172,425.0,1
BSLH0688,10.0,49.0,0.4706,9.31,7.57,1.3673,0.0064,468.0,0
BSLH0689,52.0,59.0,0.8182,6.86,3.85,2.8695,0.0355,427.0,1
BSLH0690,33.0,28.0,0.2083,16.3,27.49,2.2179,-0.0279,450.0,0
BSLH0691,319.0,12.0,0.3,17.09,13.53,1.4583,0.0647,191.0,1
BSLH0692,10.0,39.0,0.6667,11.95,12.02,1.5308,-0.0026,474.0,1
BSLH0693,186.0,19.0,0.3333,15.78,13.73,1.7632,-0.0535,292.0,1
BSLH0695,0.0,50.0,1.04,9.31,7.34,4.752,0.0437,477.0,0
BSLH0696,385.0,14.0,1.1429,6.54,2.9,1.0929,-0.0745,91.0,1
BSLH0697,64.0,49.0,0.2821,8.17,10.03,1.0,-0.0244,414.0,1
BSLH0698,9.0,4.0,0.25,155.33,119.98,0.9,0.06,467.0,1
BSLH0699,44.0,22.0,0.2105,20.1,31.1,1.2318,0.0031,433.0,1
BSLH0700,248.0,22.0,0.6429,10.48,14.05,1.3136,0.0264,231.0,1
BSLH0701,2.0,55.0,0.6471,8.43,4.81,1.4273,-0.0009,483.0,0
BSLH0702,247.0,18.0,0.1176,13.53,24.09,1.7778,-0.0043,238.0,1
BSLH0703,338.0,5.0,0.2,36.5,42.82,1.38,-0.02,147.0,1
BSLH0704,121.0,39.0,0.5385,9.03,6.82,1.9333,0.0386,364.0,1
BSLH0705,80.0,54.0,0.6176,7.21,7.69,0.9963,0.015,405.0,1
BSLH0706,354.0,5.0,0.2,32.25,56.57,1.32,0.26,131.0,1
BSLH0707,329.0,6.0,0.4,30.6,53.51,2.0333,0.32,155.0,1
BSLH0708,247.0,18.0,0.1176,13.65,25.5,3.0889,-0.0646,238.0,1
BSLH0709,329.0,20.0,0.75,7.74,4.45,1.82,-0.0789,154.0,1
BSLH0710,121.0,43.0,1.2,8.24,7.1,1.2349,-0.0223,364.0,1
BSLH0711,122.0,30.0,0.7222,12.14,8.7,1.47,-0.0843,363.0,1
BSLH0712,0.0,46.0,1.0435,10.24,6.86,5.313,0.0973,484.0,0
BSLH0713,318.0,11.0,1.4,16.2,13.88,1.7091,-0.1045,166.0,1
BSLH0714,107.0,31.0,0.1852,12.17,13.46,2.2419,0.019,377.0,1
BSLH0715,0.0,37.0,0.8095,13.0,7.08,1.4703,-0.0315,484.0,0
BSLH0716,302.0,10.0,0.375,19.78,15.14,1.04,0.0848,183.0,1
BSLH0717,456.0,3.0,0.3333,14.0,19.8,1.7667,-0.2,28.0,1
BSLH0718,347.0,11.0,0.7143,13.4,15.83,1.3,0.1427,137.0,1
BSLH0719,217.0,37.0,1.1111,6.97,4.9,0.4919,-0.0112,267.0,1
BSLH0720,396.0,13.0,0.2727,7.17,7.63,2.2462,0.0484,89.0,1
BSLH0721,106.0,42.0,0.5926,8.71,6.42,0.5524,-0.0064,378.0,1
BSLH0722,129.0,30.0,0.4762,11.69,9.44,1.7467,0.0029,356.0,1
BSLH0723,106.0,43.0,0.5714,8.48,6.05,0.6163,-0.0071,378.0,1
BSLH0724,106.0,41.0,0.5556,8.93,6.12,0.5171,-0.0103,378.0,1
BSLH0725,106.0,43.0,0.6296,8.45,6.07,0.6488,-0.0018,378.0,1
BSLH0726,106.0,44.0,0.5517,8.26,6.13,0.6591,-0.0101,378.0,1
BSLH0727,54.0,42.0,0.4333,9.98,9.0,0.4643,-0.0075,431.0,1
BSLH0728,240.0,23.0,0.5,10.68,5.74,1.6304,-0.0435,244.0,1
BSLH0729,289.0,14.0,0.25,14.69,16.05,1.1214,-0.0644,196.0,1
BSLH0730,2.0,31.0,0.1429,15.63,48.03,2.2065,0.0077,483.0,0
BSLH0731,106.0,39.0,0.6667,9.42,7.35,0.4641,-0.009,378.0,1
BSLH0732,10.0,25.0,0.0833,19.33,43.35,2.132,0.0153,475.0,1
BSLH0733,106.0,39.0,0.6,9.39,9.02,1.2795,-0.0349,378.0,1
BSLH0734,282.0,13.0,0.4,16.42,13.55,1.5769,0.0357,203.0,1
BSLH0735,334.0,7.0,0.1429,24.5,35.65,1.3571,0.1714,151.0,1
BSLH0736,122.0,25.0,0.5294,14.71,9.03,1.4,-0.0889,363.0,1
BSLH0737,80.0,56.0,0.7273,6.93,7.71,1.3804,-0.0126,405.0,1
BSLH0738,281.0,5.0,0.2,50.5,46.83,1.72,-0.03,204.0,1
BSLH0739,7.0,62.0,0.7027,7.36,4.14,2.2065,-0.0677,476.0,0
BSLH0740,100.0,46.0,0.3824,8.04,9.04,1.0043,-0.0205,384.0,1
BSLH0741,183.0,12.0,0.4444,26.91,29.63,3.625,0.292,301.0,1
BSLH0742,169.0,37.0,0.7273,8.31,6.36,0.8514,-0.0045,315.0,1
BSLH0743,222.0,9.0,0.6667,32.5,60.74,2.0111,-0.145,262.0,1
BSLH0744,260.0,11.0,0.3333,22.1,27.82,2.0727,-0.1918,224.0,1
BSLH0745,100.0,17.0,1.0,22.25,20.9,1.3,0.0,363.0,1
BSLH0746,337.0,20.0,0.75,7.21,3.41,1.375,-0.0414,146.0,1
BSLH0747,54.0,24.0,0.3889,18.3,15.04,0.2958,-0.0173,430.0,1
BSLH0748,24.0,51.0,0.5294,8.68,7.49,0.919,-0.0126,460.0,1
BSLH0749,106.0,40.0,0.64,9.1,8.0,0.7992,-0.023,377.0,1
BSLH0750,155.0,38.0,0.7727,8.35,6.42,0.4447,-0.008,328.0,1
BSLH0751,70.0,46.0,0.5667,8.8,7.77,1.4239,-0.0224,413.0,1
BSLH0752,316.0,23.0,0.7143,7.05,3.44,2.2609,0.0228,168.0,1
BSLH0753,150.0,11.0,0.5,32.9,36.2,1.9,-0.0973,334.0,1
BSLH0754,247.0,33.0,0.7895,6.94,2.79,1.1121,-0.0168,237.0,1
BSLH0755,150.0,22.0,0.0952,15.48,33.31,2.4818,0.0138,334.0,1
BSLH0756,254.0,16.0,0.4167,14.73,15.33,4.1062,-0.1331,229.0,1
BSLH0757,261.0,11.0,0.7143,21.8,21.48,4.1636,0.0736,222.0,1
BSLH0758,267.0,20.0,0.2353,11.05,15.23,1.28,-0.0547,216.0,1
BSLH0759,106.0,40.0,0.4643,9.18,13.34,0.675,-0.0262,377.0,1
BSLH0760,338.0,9.0,0.4286,18.0,15.93,1.9222,-0.1317,146.0,1
BSLH0761,9.0,42.0,0.3871,11.17,9.84,1.65,0.0286,474.0,1
BSLH0762,329.0,26.0,1.0769,5.88,6.6,1.7846,0.0403,154.0,0
BSLH0763,106.0,43.0,0.5714,8.43,6.08,0.5488,-0.0181,377.0,1
BSLH0764,182.0,30.0,0.4762,10.03,10.22,1.1367,-0.0232,302.0,1
BSLH0765,261.0,21.0,0.2222,10.7,12.05,1.9286,-0.1242,222.0,1
BSLH0766,226.0,32.0,0.9412,7.87,5.02,2.7594,-0.1368,257.0,1
BSLH0767,64.0,64.0,1.0968,6.27,2.9,2.7828,-0.0018,419.0,1
BSLH0768,225.0,28.0,0.7059,9.15,8.77,1.5857,-0.0715,259.0,1
BSLH0769,168.0,41.0,0.8261,7.58,10.01,1.3512,-0.0314,315.0,1
BSLH0770,101.0,39.0,0.6,9.58,11.24,1.359,-0.0517,383.0,1
BSLH0771,338.0,20.0,0.1053,7.58,15.62,10.295,-0.4204,146.0,1
BSLH0772,399.0,15.0,1.0,5.5,2.47,0.78,0.0504,84.0,1
BSLH0773,273.0,14.0,0.6667,15.77,14.64,2.4571,-0.2629,210.0,1
BSLH0774,317.0,11.0,0.0909,16.3,25.85,3.4545,-0.3227,167.0,1
BSLH0775,2.0,54.0,0.7742,8.62,7.04,7.7,-0.0988,481.0,0
BSLH0776,441.0,4.0,0.25,13.67,17.95,1.925,0.27,42.0,1
BSLH0777,322.0,6.0,0.4,31.6,32.75,1.0333,0.1257,161.0,1
BSLH0778,333.0,12.0,0.8571,13.27,13.24,2.5167,-0.0832,150.0,1
BSLH0779,2.0,30.0,1.2143,16.1,34.82,1.05,-0.0414,481.0,0
BSLH0780,149.0,39.0,0.6,8.37,11.79,1.841,-0.0225,334.0,1
BSLH0781,254.0,13.0,0.75,18.58,12.77,1.1462,-0.0555,229.0,1
BSLH0782,150.0,22.0,0.3529,15.48,22.42,5.1773,0.2222,333.0,1
BSLH0783,229.0,30.0,0.55,8.38,9.64,2.4467,0.0369,255.0,1
BSLH0784,17.0,47.0,0.2973,9.7,12.19,1.4723,-0.0212,467.0,0
BSLH0785,262.0,26.0,0.5882,8.4,6.71,1.0154,0.0181,222.0,1
BSLH0786,267.0,30.0,0.9375,7.07,3.52,1.95,0.0517,216.0,1
BSLH0787,435.0,3.0,0.3333,24.5,14.85,1.6333,-0.25,49.0,1
BSLH0788,273.0,13.0,0.5556,17.17,19.66,2.3462,0.0341,211.0,1
BSLH0789,214.0,36.0,1.0556,7.26,3.75,1.4028,-0.0462,270.0,1
BSLH0790,101.0,40.0,0.64,9.33,10.02,1.34,-0.0505,383.0,1
BSLH0791,262.0,11.0,1.0,21.5,23.99,2.1545,0.1482,222.0,1
BSLH0792,213.0,16.0,0.4167,17.6,15.93,1.375,0.0088,271.0,1
BSLH0793,451.0,5.0,0.5,8.25,3.4,1.32,-0.04,33.0,1
BSLH0794,288.0,15.0,0.7778,13.71,9.47,0.7667,0.0064,196.0,1
BSLH0795,387.0,3.0,0.3333,48.5,0.71,2.0667,0.9,97.0,1
BSLH0796,155.0,34.0,0.9444,9.48,11.71,0.6,-0.0385,328.0,1
BSLH0797,81.0,12.0,0.1818,36.36,67.85,3.0,-0.5853,403.0,1
BSLH0798,327.0,7.0,1.6667,26.0,36.53,2.3571,0.2929,157.0,1
BSLH0799,289.0,8.0,0.5,27.71,28.83,2.2625,0.1036,195.0,1
BSLH0800,106.0,43.0,0.5714,8.48,6.07,0.5628,-0.0203,377.0,1
BSLH0801,191.0,37.0,0.7273,7.61,4.98,2.4027,0.0581,293.0,1
BSLH0803,304.0,2.0,0.5,180.0,0.0,2.2,2.4,180.0,1
BSLH0805,400.0,5.0,0.5,20.75,24.73,3.0,1.11,83.0,1
BSLH0808,2.0,47.0,0.7143,9.41,6.88,1.4149,0.0004,455.0,0
BSLH0809,297.0,10.0,0.1,20.56,38.16,2.27,0.077,186.0,1
BSLH0810,458.0,2.0,0.5,20.0,0.0,0.8,-0.6,20.0,1
BSLH0811,246.0,19.0,0.4286,10.06,8.69,1.1105,-0.0467,189.0,1
BSLH0813,323.0,3.0,0.3333,77.0,93.34,0.8,-0.15,154.0,1
BSLH0814,334.0,11.0,0.0909,14.1,21.27,2.7182,-0.1327,144.0,1
BSLH0815,281.0,5.0,0.5,50.0,43.72,8.04,1.78,201.0,1
BSLH0817,297.0,10.0,1.2,20.11,12.67,1.25,0.0442,185.0,1
BSLH0818,386.0,3.0,0.3333,48.0,39.6,1.2,1.0,97.0,1
BSLH0819,281.0,4.0,0.25,66.67,93.07,5.4,-1.72,201.0,1
BSLH0820,309.0,8.0,0.8,24.57,12.73,3.2125,-0.0893,174.0,1
BSLH0821,309.0,8.0,0.8,24.57,12.73,3.3125,-0.1321,174.0,1
BSLH0826,406.0,5.0,1.0,18.5,11.62,3.14,0.14,76.0,1
BSLH0827,410.0,6.0,0.1667,14.4,15.31,1.0667,0.0857,73.0,1
BSLH0828,225.0,21.0,1.2,12.4,5.57,1.6619,-0.0165,258.0,1
BSLH0829,225.0,21.0,1.2,12.4,5.63,1.6667,-0.0155,258.0,1
BSLH0830,225.0,21.0,1.2,12.45,5.59,1.6619,-0.0165,258.0,1
BSLH0832,225.0,21.0,1.2,12.4,5.57,1.7333,-0.034,258.0,1
BSLH0833,413.0,3.0,1.0,34.5,17.68,7.5,-1.45,69.0,1
BSLH0834,333.0,12.0,0.625,13.18,9.2,3.3083,-0.4269,150.0,1
BSLH0835,299.0,15.0,0.3333,12.64,11.57,0.8667,0.0221,184.0,1
BSLH0836,254.0,23.0,0.8462,9.91,8.18,1.9565,0.0167,228.0,1
BSLH0837,93.0,36.0,0.3214,10.71,9.69,1.3583,0.0016,390.0,1
BSLH0838,463.0,3.0,0.3333,10.0,14.14,0.4333,0.0,20.0,1
BSLH0839,37.0,47.0,0.5,9.17,6.78,1.4723,-0.0008,446.0,0
BSLH0840,0.0,27.0,0.4,18.12,10.73,0.6778,-0.0201,482.0,1
BSLH0841,337.0,16.0,0.4167,9.27,7.33,2.3375,-0.0482,146.0,1
BSLH0842,449.0,5.0,0.5,8.0,3.74,1.16,-0.12,33.0,1
BSLH0843,319.0,14.0,0.3636,12.15,9.41,1.1571,0.0171,164.0,1
BSLH0844,410.0,6.0,0.75,14.4,5.59,1.75,-0.2543,73.0,1
BSLH0845,246.0,30.0,0.6316,7.66,5.25,1.67,0.0095,236.0,1
BSLH0846,434.0,4.0,1.5,15.67,15.89,1.425,0.37,48.0,1
BSLH0847,170.0,35.0,0.5652,8.82,5.84,2.0429,0.0483,313.0,1
BSLH0848,248.0,24.0,0.4706,9.61,6.46,0.8042,-0.0266,234.0,1
BSLH0849,2.0,23.0,0.0909,21.41,33.55,1.5609,0.0123,481.0,1
BSLH0850,170.0,32.0,0.4348,9.68,8.92,1.8562,0.0542,313.0,1
BSLH0851,10.0,33.0,0.7,14.41,10.62,2.6697,-0.0757,473.0,0
BSLH0852,105.0,35.0,0.1613,10.76,21.36,3.2629,-0.1972,377.0,1
BSLH0853,329.0,18.0,0.5833,8.71,4.96,2.0333,-0.1212,153.0,1
BSLH0854,344.0,21.0,0.4667,6.55,4.54,1.4381,-0.0597,138.0,1
BSLH0855,246.0,23.0,0.4118,10.27,8.53,1.287,0.0972,235.0,1
BSLH0856,246.0,22.0,0.4375,10.76,8.41,1.1773,0.0809,235.0,1
BSLH0857,261.0,5.0,0.5,55.0,46.1,1.72,-0.09,220.0,1
BSLH0858,224.0,15.0,0.6,18.0,12.84,1.3067,0.0089,257.0,1
BSLH0859,373.0,4.0,0.6667,36.0,10.15,0.85,-0.22,109.0,1
BSLH0869,334.0,2.0,0.5,149.0,0.0,0.75,-0.5,149.0,1
BSLH0886,435.0,3.0,1.0,23.5,33.23,0.8667,0.15,47.0,1
BSLH0889,267.0,18.0,0.4615,12.0,8.73,1.5056,-0.0577,210.0,1
BSLH0890,225.0,32.0,0.65,7.81,5.26,1.2125,-0.0231,257.0,1
BSLH0891,354.0,5.0,0.5,31.75,29.85,1.58,-0.09,128.0,1
BSLH0892,309.0,8.0,0.2857,24.29,24.07,2.3625,0.5321,173.0,1
BSLH0893,310.0,9.0,0.25,21.25,23.89,2.3444,0.3233,173.0,1
BSLH0894,310.0,9.0,0.25,21.38,23.8,2.3444,0.3233,173.0,1
BSLH0895,310.0,10.0,0.375,18.78,16.7,2.15,0.2055,172.0,1
BSLH0896,310.0,9.0,0.25,21.25,23.9,2.2889,0.3483,172.0,1
BSLH0897,310.0,9.0,0.25,21.25,23.9,2.2889,0.3483,172.0,1
BSLH0898,310.0,10.0,0.2222,18.89,23.45,3.26,0.5964,172.0,1
BSLH0899,310.0,9.0,0.25,21.12,23.98,2.2889,0.3483,172.0,1
BSLH0900,310.0,9.0,0.25,21.25,23.9,2.2889,0.3483,172.0,1
BSLH0901,310.0,9.0,0.25,21.25,23.89,2.2889,0.3483,173.0,1
BSLH0902,310.0,9.0,0.25,21.12,23.98,2.2556,0.3333,172.0,1
BSLH0903,178.0,32.0,0.375,9.29,8.21,0.6344,-0.0172,300.0,1
BSLH0904,310.0,9.0,0.25,21.12,23.98,2.2667,0.3283,172.0,1
BSLH0905,310.0,9.0,0.25,21.12,23.98,2.2556,0.3333,172.0,1
BSLH0906,310.0,9.0,0.25,21.25,23.89,2.4222,0.425,173.0,1
BSLH0907,310.0,9.0,0.25,21.38,23.8,2.2,0.3583,173.0,1
BSLH0908,310.0,9.0,0.25,21.25,23.89,2.3111,0.375,173.0,1
BSLH0909,310.0,9.0,0.25,21.25,23.89,2.3111,0.375,173.0,1
BSLH0910,310.0,9.0,0.25,21.12,23.98,2.3111,0.4167,172.0,1
BSLH0911,310.0,9.0,0.25,21.12,23.98,2.3111,0.375,172.0,1
BSLH0912,310.0,9.0,0.25,21.12,23.98,2.3111,0.375,172.0,1
BSLH0913,310.0,9.0,0.25,21.12,23.98,2.3111,0.375,172.0,1
BSLH0914,310.0,9.0,0.25,21.12,23.98,2.3111,0.375,172.0,1
BSLH0915,310.0,8.0,0.2857,24.14,24.21,2.5375,0.4488,172.0,1
BSLH0916,310.0,9.0,0.25,21.12,23.98,2.3111,0.375,172.0,1
BSLH0917,310.0,9.0,0.25,21.12,23.98,2.4333,0.5167,172.0,1
BSLH0918,310.0,9.0,0.25,21.12,23.98,2.4111,0.44,172.0,1
BSLH0919,310.0,9.0,0.25,21.12,23.98,2.4333,0.43,172.0,1
BSLH0920,310.0,9.0,0.25,21.12,23.98,2.3111,0.375,172.0,1
BSLH0921,380.0,3.0,0.3333,50.5,55.86,1.3333,0.65,101.0,1
BSLH0922,310.0,9.0,0.25,21.12,23.98,2.3111,0.375,172.0,1
BSLH0923,383.0,3.0,0.3333,49.0,12.73,0.5333,0.2,99.0,1
BSLH0925,289.0,4.0,0.25,9.67,10.02,2.075,0.17,29.0,1
BSLH0926,367.0,12.0,0.8571,9.91,5.91,1.375,0.0052,114.0,1
BSLH0927,98.0,9.0,0.6667,27.38,77.43,3.4889,-0.4233,219.0,1
BSLH0928,17.0,50.0,0.3784,9.02,9.94,1.802,0.0159,465.0,0
BSLH0929,410.0,12.0,0.8571,6.0,1.18,1.1333,-0.021,72.0,1
BSLH0931,45.0,6.0,0.1667,87.0,181.69,2.65,0.2029,437.0,1
BSLH0932,259.0,18.0,0.7273,12.65,11.44,2.3889,0.0196,222.0,1
BSLH0933,213.0,16.0,0.4167,17.4,16.03,1.2125,0.0662,269.0,1
BSLH0940,315.0,9.0,4.0,20.38,30.65,2.5222,0.6417,166.0,1
BSLH0943,198.0,12.0,0.0833,25.36,51.3,1.8,-0.2238,284.0,1
BSLH0944,2.0,54.0,0.6667,8.64,4.12,1.4241,-0.001,481.0,0
BSLH0945,194.0,2.0,0.5,289.0,0.0,0.6,-0.8,289.0,1
BSLH0946,2.0,55.0,0.6471,8.43,4.15,1.4273,-0.0013,481.0,0
BSLH0947,2.0,55.0,0.6471,8.43,4.15,1.42,-0.0006,481.0,0
BSLH0948,194.0,8.0,0.5,40.86,50.12,0.9,-0.0048,289.0,1
BSLH0949,381.0,3.0,0.3333,50.5,54.45,1.3667,-0.4,102.0,1
BSLH0950,247.0,10.0,0.1,25.33,52.79,1.61,0.117,231.0,1
BSLH0952,267.0,19.0,0.5385,11.5,10.26,1.2895,-0.033,215.0,1
BSLH0953,452.0,2.0,0.5,30.0,0.0,1.0,-0.0,30.0,1
BSLH0954,10.0,30.0,0.6316,15.93,20.57,1.9433,0.0386,472.0,0
BSLH0955,84.0,72.0,0.4314,5.11,5.89,1.4833,-0.0042,397.0,1
BSLH0956,338.0,7.0,0.3333,23.83,15.99,1.3143,-0.2321,144.0,1
BSLH0957,334.0,4.0,0.25,49.33,75.06,1.5,-0.4,148.0,1
BSLH0958,365.0,15.0,0.6,7.86,3.72,2.46,0.0432,116.0,1
BSLH0959,134.0,19.0,0.3333,18.94,16.35,1.7105,0.0186,348.0,1
BSLH0960,121.0,18.0,0.2667,20.88,25.77,1.8333,-0.0642,362.0,1
BSLH0961,52.0,52.0,0.7097,8.1,17.9,3.4731,0.1527,431.0,0
BSLH0962,245.0,29.0,0.5789,7.96,4.4,1.669,-0.0187,236.0,1
BSLH0964,260.0,24.0,0.3158,9.17,12.26,1.1292,0.0385,222.0,1
BSLH0965,64.0,16.0,0.8889,27.4,52.12,1.375,0.0424,418.0,1
BSLH0966,323.0,11.0,0.3333,15.6,14.92,1.4182,-0.0545,159.0,1
BSLH0967,112.0,30.0,0.24,12.24,14.54,1.6467,-0.0528,369.0,1
BSLH0968,150.0,15.0,0.3333,23.29,24.08,1.5,0.075,332.0,1
BSLH0969,273.0,4.0,0.25,69.0,31.76,2.05,-0.48,208.0,1
BSLH0970,323.0,11.0,0.3333,15.6,14.92,1.4364,-0.0745,159.0,1
BSLH0973,224.0,31.0,0.6842,8.07,3.22,2.0742,-0.0081,257.0,1
BSLH0974,329.0,7.0,0.1429,25.17,32.63,3.3429,-0.2786,152.0,1
BSLH0975,344.0,20.0,0.5,6.79,4.25,1.46,-0.0659,137.0,1
BSLH0976,407.0,7.0,0.3333,12.0,7.62,0.7286,0.1214,75.0,1
BSLH0978,407.0,6.0,0.4,14.8,8.53,0.7333,0.1486,76.0,1
BSLH0979,3.0,56.0,0.9655,8.24,5.54,1.1446,-0.0117,477.0,0
BSLH0980,197.0,9.0,0.6667,34.62,32.59,1.9556,-0.075,280.0,1
BSLH0981,197.0,10.0,0.5714,30.78,32.6,2.08,-0.0885,280.0,1
BSLH0982,197.0,9.0,0.6667,34.62,32.59,4.5111,-0.725,280.0,1
BSLH0983,197.0,10.0,0.5714,30.78,32.6,2.6,-0.2036,280.0,1
BSLH0984,197.0,8.0,0.5,35.43,35.12,1.7625,0.0821,251.0,1
BSLH0985,197.0,9.0,0.6667,34.62,32.59,1.8667,-0.0267,280.0,1
BSLH0986,197.0,10.0,0.5714,30.67,32.61,1.78,-0.0861,280.0,1
BSLH0987,197.0,10.0,0.5714,30.67,31.85,1.96,-0.0776,280.0,1
BSLH0988,197.0,9.0,0.6667,34.62,32.59,3.3,-0.4567,280.0,1
BSLH0989,197.0,8.0,0.5,39.57,43.58,1.8875,-0.1417,280.0,1
BSLH0990,380.0,4.0,0.6667,7.0,12.12,7.275,-6.95,21.0,1
BSLH0991,75.0,30.0,0.1481,13.76,27.27,3.7533,-0.0563,409.0,0
BSLH0997,318.0,6.0,0.75,0.0,0.0,1.5667,-0.08,0.0,1
BSLH1000,318.0,2.0,0.5,0.0,0.0,4.5,-7.0,0.0,1
BSLH1001,289.0,5.0,0.2,7.0,12.7,1.56,0.56,29.0,1
BSLH1002,309.0,6.0,0.1667,1.6,2.61,2.8667,0.1029,9.0,1
BSLH1003,315.0,3.0,0.3333,1.0,1.41,0.8,-0.05,2.0,1
BSLH1004,317.0,2.0,0.5,1.0,0.0,1.0,0.8,1.0,1
BSLH1005,289.0,3.0,0.3333,14.0,16.97,6.9667,2.55,29.0,1
BSLH1006,315.0,5.0,1.0,0.5,1.0,1.76,0.05,2.0,1
BSLH1013,121.0,3.0,0.3333,98.5,139.3,3.0,-3.85,197.0,1
BSLH1014,80.0,11.0,1.0,23.6,32.2,3.6273,0.4355,238.0,0
BSLH1015,281.0,7.0,1.0,5.83,13.33,1.0143,0.1893,36.0,1
BSLH1016,318.0,2.0,0.5,0.0,0.0,1.9,-0.6,0.0,1
BSLH1017,318.0,2.0,0.5,0.0,0.0,1.35,-0.7,0.0,1
BSLH1018,318.0,2.0,0.5,0.0,0.0,1.3,-0.8,0.0,1
BSLH1020,31.0,4.0,0.25,95.33,101.4,1.575,-0.67,287.0,1
BSLH1021,309.0,2.0,0.5,9.0,0.0,1.65,0.3,9.0,1
BSLH1022,309.0,3.0,0.3333,4.5,6.36,6.5333,3.35,9.0,1
BSLH1023,31.0,3.0,0.3333,143.0,199.4,1.4667,-0.3,287.0,1
BSLH1024,289.0,3.0,0.3333,14.0,7.07,1.3333,-1.0,29.0,1
BSLH1025,289.0,4.0,1.5,9.67,16.74,1.45,0.64,29.0,1
BSLH1026,52.0,8.0,1.25,37.57,40.83,2.2,0.1333,266.0,1
BSLH1029,318.0,2.0,0.5,0.0,0.0,0.5,-0.0,0.0,1
BSLH1030,194.0,2.0,0.5,124.0,0.0,0.4,-0.2,124.0,1
BSLH1031,31.0,8.0,0.5,40.86,95.92,0.6875,-0.0488,287.0,1
BSLH1033,142.0,7.0,1.0,29.0,50.28,1.1571,0.0143,176.0,1
BSLH1034,80.0,4.0,0.6667,79.0,123.96,2.3,-0.1,238.0,0
BSLH1036,318.0,2.0,0.5,0.0,0.0,1.2,-1.6,0.0,1
BSLH1037,191.0,6.0,0.1667,25.2,42.06,0.7833,-0.2314,127.0,1
BSLH1038,80.0,12.0,2.25,21.27,29.11,3.3,0.2559,238.0,0
BSLH1040,191.0,10.0,0.375,14.0,32.57,2.11,-0.3545,127.0,1
BSLH1041,289.0,2.0,0.5,29.0,0.0,2.6,3.2,29.0,1
BSLH1042,52.0,4.0,0.25,88.33,128.7,1.25,-0.36,266.0,1
BSLH1043,318.0,2.0,0.5,0.0,0.0,1.65,1.3,0.0,1
BSLH1044,191.0,2.0,0.5,127.0,0.0,1.55,1.7,127.0,1
BSLH1046,142.0,5.0,0.5,43.5,40.5,0.92,0.18,176.0,1
BSLH1049,2.0,3.0,0.3333,158.0,223.45,2.1,1.2,316.0,1
BSLH1054,289.0,7.0,1.0,3.17,7.76,2.2429,0.3857,19.0,1
BSLH1055,180.0,5.0,0.2,31.75,51.62,0.72,-0.12,128.0,1
BSLH1056,191.0,3.0,1.0,45.0,63.64,2.5,1.0,90.0,1
BSLH1057,191.0,3.0,1.0,45.0,63.64,3.6,3.4,90.0,1
BSLH1058,0.0,8.0,0.5,19.71,15.66,1.1625,-0.3131,141.0,0
BSLH1059,0.0,20.0,0.9091,6.63,1.34,0.245,0.0147,133.0,0
BSLH1060,7.0,9.0,1.0,14.25,7.83,0.2222,-0.01,118.0,1
BSLH1061,7.0,13.0,1.0,10.0,6.38,0.1538,-0.0082,126.0,0
BSLH1062,7.0,9.0,1.0,14.25,7.83,0.2222,-0.01,118.0,1
BSLH1063,7.0,15.0,0.7778,8.57,8.5,0.2467,-0.0196,126.0,0
BSLH1064,0.0,27.0,0.75,4.27,3.22,1.1074,-0.1271,121.0,0
BSLH1065,197.0,3.0,1.0,0.0,0.0,1.2,-0.75,0.0,1
BSLH1066,197.0,3.0,1.0,0.0,0.0,1.2,-0.75,0.0,1
BSLH1067,2.0,8.0,2.0,17.86,13.86,0.3875,-0.0179,128.0,0
BSLH1069,31.0,9.0,1.5,10.5,14.84,1.7556,-0.1117,84.0,0
BSLH1070,85.0,4.0,0.6667,0.0,0.0,2.55,0.64,0.0,0
BSLH1071,2.0,9.0,1.0,9.5,4.04,0.1556,-0.0183,79.0,0
BSLH1072,24.0,7.0,1.0,9.33,3.08,0.2571,-0.0464,58.0,0
BSLH1073,28.0,4.0,0.6667,13.33,0.58,2.6,-0.86,41.0,0
BSLH1074,2.0,5.0,0.5,15.25,6.75,0.42,0.13,62.0,0
BSLH1075,57.0,2.0,0.5,0.0,0.0,1.15,0.5,0.0,1
BSLH1076,0.0,5.0,1.0,10.25,5.74,0.3,-0.1,43.0,0
BSLH1077,0.0,4.0,0.6667,11.67,3.06,0.225,-0.09,36.0,0
BSLH1078,0.0,4.0,0.6667,11.67,3.06,0.75,-0.76,36.0,0
BSLH1079,7.0,3.0,0.3333,14.0,8.49,0.7333,-0.6,29.0,0
BSLH1080,7.0,3.0,0.3333,14.0,8.49,0.6,-0.4,29.0,0
BSLH1081,2.0,10.0,0.5714,2.89,3.26,5.23,-0.2273,28.0,0
BSLH1082,7.0,2.0,0.5,11.0,0.0,0.15,0.1,11.0,0
BSLH1083,10.0,2.0,0.5,0.0,0.0,0.85,0.7,0.0,0
BSLh1049,254.0,2.0,0.5,63.0,0.0,1.2,-0.2,63.0,1
bslh0110,175.0,70.0,0.775,4.09,4.19,1.46,0.0005,308.0,1
